{"stats":{"minecraft:crafted":{"minecraft:oak_slab":18,"minecraft:oak_planks":20,"fleshz:prepared_hide":10,"minecraft:stone_shovel":1,"minecraft:crafting_table":1,"minecraft:spruce_planks":244,"minecraft:cooked_chicken":1,"fleshz:rotten_leather":1,"minecraft:wooden_pickaxe":1,"minecraft:furnace":1,"minecraft:stone_axe":1,"minecraft:air":0,"fleshz:wood_rack":8,"minecraft:stick":8,"minecraft:spruce_slab":6,"minecraft:stone_pickaxe":1,"minecraft:stone_sword":1,"minecraft:chest":1},"minecraft:used":{"minecraft:stone_sword":297,"magistuarmory:rusted_heavymace":3,"minecraft:spruce_door":4,"minecraft:stone_shovel":30,"minecraft:stone_pickaxe":15,"minecraft:baked_potato":11,"minecraft:elytra":1,"minecraft:chest":1,"minecraft:spruce_planks":400,"minecraft:wooden_pickaxe":17,"minecraft:cooked_chicken":1,"minecraft:rotten_flesh":1,"minecraft:spruce_leaves":3,"minecraft:torch":5,"minecraft:dirt":35,"minecraft:crafting_table":3,"minecraft:spruce_log":1,"minecraft:firework_rocket":9,"minecraft:grass_block":39,"minecraft:chicken":2,"minecraft:gravel":3,"minecraft:stone_axe":8,"fleshz:wood_rack":9,"minecraft:furnace":3,"minecraft:oak_sapling":2,"minecraft:potato":1},"minecraft:killed_by":{"man:managgresive":1,"minecraft:zombie_villager":1,"minecraft:phantom":2,"minecraft:zombie":2},"minecraft:dropped":{"minecraft:firework_rocket":1},"minecraft:broken":{"magistuarmory:rustednorman_helmet":1},"minecraft:killed":{"man:managgresive":5,"minecraft:spider":1,"minecraft:phantom":2,"minecraft:skeleton":1,"minecraft:zombie":2,"minecraft:chicken":4},"minecraft:picked_up":{"minecraft:crafting_table":1,"minecraft:feather":6,"minecraft:chicken":4,"minecraft:leather":3,"minecraft:potato":1,"minecraft:flint":1,"minecraft:oak_log":5,"minecraft:dirt":74,"minecraft:string":1,"minecraft:bone":2,"minecraft:wheat_seeds":6,"minecraft:spruce_planks":4,"minecraft:spruce_slab":6,"minecraft:phantom_membrane":2,"fleshz:wood_rack":1,"minecraft:furnace":1,"minecraft:stick":31,"minecraft:gravel":3,"magistuarmory:rusted_heavymace":1,"magistuarmory:rustednorman_helmet":1,"minecraft:spruce_sapling":66,"minecraft:spruce_log":188,"magistuarmory:rustedchainmail_leggings":1,"minecraft:spruce_door":1,"man:tearoftheman":5,"minecraft:firework_rocket":1,"minecraft:arrow":1,"minecraft:rotten_flesh":7,"minecraft:sugar":1,"minecraft:oak_sapling":2,"minecraft:cobblestone":21},"minecraft:mined":{"minecraft:spruce_planks":4,"minecraft:crafting_table":1,"minecraft:grass_block":38,"minecraft:large_fern":3,"minecraft:furnace":1,"minecraft:fire":2,"minecraft:spruce_log":176,"minecraft:grass":1,"minecraft:oak_log":5,"minecraft:gravel":4,"minecraft:dirt":7,"minecraft:stone":21,"minecraft:fern":4},"minecraft:custom":{"minecraft:interact_with_furnace":7,"minecraft:mob_kills":17,"minecraft:interact_with_crafting_table":24,"minecraft:leave_game":5,"minecraft:time_since_death":15907,"minecraft:time_since_rest":16037,"minecraft:sprint_one_cm":203259,"minecraft:walk_one_cm":249481,"minecraft:damage_taken":2791,"minecraft:damage_absorbed":1234,"minecraft:drop":1,"minecraft:damage_dealt":16014,"minecraft:fly_one_cm":817781,"minecraft:player_kills":2,"minecraft:open_chest":13,"minecraft:crouch_one_cm":20749,"minecraft:play_time":385951,"minecraft:deaths":10,"minecraft:sneak_time":5837,"minecraft:walk_under_water_one_cm":152,"minecraft:aviate_one_cm":524079,"minecraft:jump":2017,"minecraft:walk_on_water_one_cm":2052,"minecraft:total_world_time":385951,"minecraft:fall_one_cm":30800}},"DataVersion":3465}