{"stats":{"minecraft:picked_up":{"minecraft:wheat_seeds":2,"minecraft:dirt":3},"minecraft:custom":{"minecraft:jump":139,"minecraft:time_since_rest":4497,"minecraft:damage_dealt":217,"minecraft:crouch_one_cm":777,"minecraft:leave_game":1,"minecraft:sprint_one_cm":17285,"minecraft:play_time":4497,"minecraft:damage_taken":111,"minecraft:time_since_death":4497,"minecraft:walk_one_cm":9353,"minecraft:sneak_time":178,"minecraft:total_world_time":4497,"minecraft:player_kills":1,"minecraft:fall_one_cm":4805,"minecraft:fly_one_cm":18826},"minecraft:mined":{"minecraft:grass":19}},"DataVersion":3465}