{"stats":{"minecraft:killed_by":{"minecraft:pig":1,"graveyard:skeleton_creeper":1,"minecraft:zombie":2},"minecraft:used":{"minecraft:netherite_sword":4,"dragonloot:upgraded_dragon_chestplate":1,"minecraft:villager_spawn_egg":1,"minecraft:grass_block":4,"deeperdarker:warden_sword":2,"dragonloot:dragon_pickaxe":10,"minecraft:fletching_table":1,"dragonloot:dragon_helmet":1,"minecraft:golden_sword":37,"minecraft:dirt":1,"minecraft:cobblestone":20,"minecraft:porkchop":1,"deeperdarker:warden_pickaxe":10,"minecraft:spruce_log":6},"minecraft:custom":{"minecraft:time_since_rest":29716,"minecraft:damage_absorbed":120,"minecraft:sprint_one_cm":83147,"minecraft:walk_one_cm":69093,"minecraft:damage_taken":1441,"minecraft:mob_kills":11,"minecraft:damage_dealt":2034,"minecraft:talked_to_villager":1,"minecraft:swim_one_cm":194,"minecraft:fly_one_cm":172561,"minecraft:crouch_one_cm":403,"minecraft:play_time":106228,"minecraft:deaths":5,"minecraft:sneak_time":420,"minecraft:walk_under_water_one_cm":683,"minecraft:aviate_one_cm":1025,"minecraft:jump":459,"minecraft:leave_game":2,"minecraft:time_since_death":29691,"minecraft:walk_on_water_one_cm":3278,"minecraft:total_world_time":106228,"minecraft:fall_one_cm":4754},"minecraft:mined":{"minecraft:birch_log":5,"minecraft:spruce_log":70,"minecraft:grass_block":1,"minecraft:cobblestone":14,"minecraft:stone":6},"minecraft:killed":{"minecraft:sheep":1,"adventurez:deer":2,"minecraft:zombie":1,"minecraft:pig":3,"minecraft:chicken":1,"minecraft:ghast":1,"minecraft:spider":1,"minecraft:enderman":1},"minecraft:picked_up":{"minecraft:birch_log":5,"minecraft:stick":15,"minecraft:chicken":1,"minecraft:porkchop":3,"minecraft:spruce_sapling":25,"minecraft:golden_sword":1,"minecraft:spruce_log":70,"minecraft:gunpowder":2,"minecraft:spider_eye":1,"minecraft:dirt":1,"minecraft:rotten_flesh":12,"adventurez:raw_venison":2,"fleshz:hide":4,"minecraft:mutton":1,"minecraft:birch_sapling":3,"minecraft:white_wool":1,"minecraft:cobblestone":20,"minecraft:egg":1}},"DataVersion":3465}