{"stats":{"minecraft:used":{"eldritch_end:primordial_boat":1,"minecraft:flint_and_steel":1},"minecraft:mined":{"minecraft:fire":1},"minecraft:custom":{"minecraft:jump":73,"minecraft:time_since_rest":19140,"minecraft:damage_taken":130,"minecraft:crouch_one_cm":787,"minecraft:leave_game":5,"minecraft:sprint_one_cm":11105,"minecraft:play_time":19140,"minecraft:time_since_death":19140,"minecraft:walk_on_water_one_cm":1707,"minecraft:walk_one_cm":6700,"minecraft:sneak_time":222,"minecraft:total_world_time":19140,"minecraft:walk_under_water_one_cm":934,"minecraft:swim_one_cm":1657,"minecraft:boat_one_cm":15663,"minecraft:fall_one_cm":836,"minecraft:fly_one_cm":64331}},"DataVersion":3465}