{"stats":{"minecraft:dropped":{"minecraft:wheat_seeds":1},"minecraft:killed_by":{"minecraft:zombie":1},"minecraft:mined":{"minecraft:large_fern":2,"minecraft:grass":3,"minecraft:fire":1},"minecraft:custom":{"minecraft:time_since_rest":228,"minecraft:deaths":2,"minecraft:crouch_one_cm":2768,"minecraft:damage_absorbed":185,"minecraft:play_time":54580,"minecraft:sprint_one_cm":50229,"minecraft:damage_taken":589,"minecraft:walk_one_cm":30709,"minecraft:sneak_time":843,"minecraft:walk_under_water_one_cm":1155,"minecraft:drop":1,"minecraft:boat_one_cm":15663,"minecraft:jump":462,"minecraft:damage_dealt":519,"minecraft:leave_game":6,"minecraft:walk_on_water_one_cm":1935,"minecraft:time_since_death":96,"minecraft:total_world_time":54580,"minecraft:swim_one_cm":3581,"minecraft:fly_one_cm":171037,"minecraft:fall_one_cm":11096,"minecraft:player_kills":1},"minecraft:picked_up":{"minecraft:wheat_seeds":1},"minecraft:used":{"eldritch_end:primordial_boat":1,"minecraft:golden_apple":2,"minecraft:flint_and_steel":1,"minecraft:gravel":39}},"DataVersion":3465}