{"stats":{"minecraft:killed":{"minecraft:pig":4,"minecraft:creeper":1,"minecraft:skeleton":2,"minecraft:sheep":6,"minecraft:chicken":1},"minecraft:dropped":{"minecraft:gravel":8,"minecraft:stone_axe":1,"minecraft:wheat_seeds":2,"minecraft:cooked_porkchop":6,"minecraft:cobblestone":64,"minecraft:white_bed":1,"minecraft:diorite":8,"minecraft:spruce_planks":10,"minecraft:andesite":36,"minecraft:birch_door":2,"minecraft:stone_pickaxe":1,"minecraft:calcite":4,"minecraft:black_wool":1},"minecraft:killed_by":{"minecraft:skeleton":2,"minecraft:spider":2,"minecraft:zombie":4},"minecraft:broken":{"minecraft:stone_pickaxe":1,"minecraft:wooden_pickaxe":1},"minecraft:crafted":{"minecraft:oak_planks":108,"minecraft:stone_shovel":1,"minecraft:cooked_porkchop":8,"minecraft:crafting_table":2,"minecraft:spruce_planks":72,"minecraft:iron_helmet":1,"minecraft:wooden_pickaxe":1,"minecraft:cooked_chicken":1,"minecraft:furnace":4,"minecraft:bucket":1,"minecraft:stone_axe":1,"minecraft:cooked_mutton":8,"minecraft:air":0,"minecraft:iron_boots":1,"minecraft:iron_chestplate":1,"minecraft:iron_axe":1,"minecraft:stick":16,"minecraft:iron_pickaxe":1,"minecraft:iron_ingot":26,"minecraft:stone_pickaxe":2,"minecraft:stone_sword":1,"minecraft:white_bed":2,"minecraft:birch_door":3,"minecraft:torch":16},"minecraft:mined":{"minecraft:deepslate_redstone_ore":10,"minecraft:white_bed":2,"minerally:deepslate_diamond_crystal_0":1,"minecraft:blackstone":1,"minecraft:deepslate_diamond_ore":1,"minecraft:crafting_table":10,"minecraft:torch":1,"minecraft:calcite":2,"minerally:deepslate_copper_pile":1,"minecraft:tall_grass":1,"minecraft:copper_ore":9,"minecraft:cobblestone":1,"minecraft:deepslate_gold_ore":4,"minecraft:oak_planks":3,"minecraft:diorite":4,"minerally:deepslate_copper_pile_0":1,"minecraft:wall_torch":2,"minerally:gold_rock":2,"minecraft:deepslate_copper_ore":3,"minecraft:large_fern":2,"minecraft:redstone_ore":4,"minecraft:magma_block":5,"minerally:deepslate_diamond_crystal":1,"minecraft:furnace":7,"minecraft:iron_ore":9,"minecraft:fire":1,"minerally:iron_rock":1,"minecraft:spruce_log":18,"minecraft:andesite":37,"minecraft:deepslate_lapis_ore":14,"minecraft:grass":6,"minecraft:oak_log":36,"minecraft:coal_ore":5,"minecraft:deepslate_iron_ore":21,"minecraft:gravel":8,"minecraft:dirt":7,"minerally:deepslate_diamond_crystal_1":1,"minecraft:smooth_basalt":16,"minerally:deepslate_copper_pile_1":1,"minecraft:azalea":1,"minecraft:stone":185,"minecraft:deepslate":36,"minecraft:fern":1},"minecraft:custom":{"minecraft:interact_with_furnace":56,"minecraft:mob_kills":14,"minecraft:interact_with_crafting_table":21,"minecraft:open_barrel":4,"minecraft:leave_game":6,"minecraft:time_since_death":37999,"minecraft:sleep_in_bed":1,"minecraft:time_since_rest":24487,"minecraft:sprint_one_cm":140273,"minecraft:damage_absorbed":681,"minecraft:damage_taken":2615,"minecraft:walk_one_cm":93615,"minecraft:drop":17,"minecraft:damage_dealt":2218,"minecraft:swim_one_cm":19304,"minecraft:fly_one_cm":368903,"minecraft:player_kills":1,"minecraft:open_chest":3,"minecraft:crouch_one_cm":19850,"minecraft:play_time":102580,"minecraft:deaths":9,"minecraft:sneak_time":7656,"minecraft:walk_under_water_one_cm":4886,"minecraft:boat_one_cm":15663,"minecraft:jump":1274,"minecraft:walk_on_water_one_cm":6780,"minecraft:total_world_time":102580,"minecraft:fall_one_cm":36931},"minecraft:picked_up":{"minecraft:crafting_table":10,"minecraft:magma_block":5,"minecraft:chicken":1,"minecraft:andesite":36,"minecraft:birch_planks":21,"minecraft:oak_log":27,"minecraft:lapis_lazuli":97,"minecraft:dirt":7,"minecraft:raw_copper":45,"minecraft:bone":2,"minecraft:blackstone":1,"minecraft:bow":1,"minecraft:wheat_seeds":2,"minecraft:cobbled_deepslate":36,"minecraft:raw_gold":6,"minecraft:spruce_planks":5,"minecraft:calcite":4,"minecraft:oak_planks":20,"minecraft:egg":2,"minecraft:furnace":7,"minecraft:stick":9,"minecraft:raw_iron":33,"minecraft:smooth_basalt":16,"minecraft:torch":4,"minecraft:gravel":8,"minecraft:porkchop":8,"minecraft:spruce_sapling":15,"minecraft:diorite":8,"minecraft:white_bed":2,"minecraft:spruce_log":18,"magistuarmory:rustedchainmail_leggings":1,"minecraft:redstone":63,"minecraft:skeleton_spawn_egg":1,"minecraft:arrow":2,"minecraft:diamond":4,"minecraft:gray_wool":1,"minecraft:oak_sapling":9,"minecraft:black_wool":1,"minecraft:mutton":8,"minecraft:coal":5,"minecraft:white_wool":8,"minecraft:cobblestone":182},"minecraft:used":{"minecraft:cooked_mutton":4,"minecraft:water_bucket":1,"minecraft:stone_sword":23,"minecraft:flint_and_steel":1,"minecraft:stone_shovel":15,"minecraft:stone_pickaxe":178,"minecraft:oak_planks":65,"minecraft:wooden_pickaxe":59,"minecraft:torch":4,"minecraft:golden_apple":2,"minecraft:crafting_table":11,"minecraft:white_bed":2,"minecraft:birch_door":1,"eldritch_end:primordial_boat":1,"minecraft:iron_axe":3,"minecraft:iron_pickaxe":148,"minecraft:iron_helmet":1,"minecraft:gravel":39,"minecraft:stone_axe":24,"minecraft:cobblestone":3,"minecraft:furnace":8,"minecraft:cooked_porkchop":2,"minecraft:bucket":2}},"DataVersion":3465}