{"stats":{"minecraft:killed":{"minecraft:chicken":1},"minecraft:dropped":{"minecraft:wheat_seeds":1},"minecraft:killed_by":{"minecraft:skeleton":2,"minecraft:spider":2,"minecraft:zombie":4},"minecraft:crafted":{"minecraft:oak_planks":108,"minecraft:crafting_table":2,"minecraft:stick":16},"minecraft:mined":{"minecraft:large_fern":2,"minecraft:grass":5,"minecraft:oak_log":36,"minecraft:fire":1},"minecraft:custom":{"minecraft:time_since_rest":2132,"minecraft:deaths":9,"minecraft:crouch_one_cm":3246,"minecraft:damage_absorbed":681,"minecraft:play_time":66580,"minecraft:sprint_one_cm":96986,"minecraft:damage_taken":2189,"minecraft:walk_one_cm":51720,"minecraft:sneak_time":1102,"minecraft:walk_under_water_one_cm":2381,"minecraft:mob_kills":1,"minecraft:drop":1,"minecraft:boat_one_cm":15663,"minecraft:jump":905,"minecraft:damage_dealt":588,"minecraft:leave_game":6,"minecraft:walk_on_water_one_cm":3536,"minecraft:time_since_death":1999,"minecraft:total_world_time":66580,"minecraft:swim_one_cm":8814,"minecraft:fly_one_cm":291400,"minecraft:fall_one_cm":26106,"minecraft:player_kills":1},"minecraft:used":{"eldritch_end:primordial_boat":1,"minecraft:golden_apple":2,"minecraft:flint_and_steel":1,"minecraft:oak_planks":5,"minecraft:gravel":39},"minecraft:picked_up":{"minecraft:stick":2,"minecraft:chicken":1,"minecraft:wheat_seeds":2,"minecraft:oak_log":27,"minecraft:oak_sapling":9,"minecraft:egg":2}},"DataVersion":3465}