{"stats":{"minecraft:killed":{"minecraft:spider":1,"mobcatalog:stonemaw":1,"minecraft:skeleton":2,"minecraft:chicken":7,"minecraft:pig":13,"minecraft:creeper":1,"minecraft:sheep":24,"adventurez:deer":3,"minecraft:zombie":7,"minecraft:cow":18},"minecraft:dropped":{"minecraft:wheat_seeds":2,"minecraft:cooked_porkchop":6,"minecraft:cobblestone":66,"minecraft:diorite":8,"minecraft:iron_leggings":1,"minecraft:spruce_sapling":3,"minecraft:gravel":8,"minecraft:stone_axe":1,"minecraft:cobbled_deepslate":10,"soulsweapons:sting":1,"minecraft:oak_planks":12,"minecraft:white_bed":1,"minecraft:shield":1,"minecraft:spruce_planks":10,"minecraft:diamond_pickaxe":1,"minecraft:iron_chestplate":1,"minecraft:andesite":36,"minecraft:birch_door":2,"minecraft:stone_pickaxe":1,"minecraft:calcite":4,"minecraft:black_wool":1},"minecraft:killed_by":{"minecraft:spider":2,"minecraft:enderman":1,"minecraft:skeleton":2,"minecraft:zombie":9},"minecraft:broken":{"minecraft:wooden_pickaxe":1,"minecraft:stone_pickaxe":1,"minecraft:iron_pickaxe":1,"magistuarmory:rustedchainmail_leggings":1},"minecraft:crafted":{"minecraft:oak_planks":116,"minecraft:stone_shovel":1,"fleshz:rotten_leather":2,"minecraft:cooked_chicken":7,"minecraft:furnace":4,"minecraft:cooked_mutton":35,"minecraft:flint_and_steel":1,"fleshz:wood_rack":2,"minecraft:iron_boots":1,"minecraft:iron_axe":1,"minecraft:spruce_slab":6,"minecraft:stone_pickaxe":2,"minecraft:chest":3,"minecraft:birch_door":3,"minecraft:cooked_beef":35,"minecraft:cooked_porkchop":23,"minecraft:crafting_table":2,"minecraft:spruce_planks":72,"minecraft:wooden_pickaxe":1,"minecraft:iron_helmet":1,"minecraft:bucket":1,"minecraft:stone_axe":1,"minecraft:air":0,"minecraft:iron_chestplate":2,"minecraft:diamond_pickaxe":2,"minecraft:shield":1,"minecraft:stick":20,"minecraft:iron_ingot":53,"minecraft:iron_pickaxe":2,"minecraft:stone_sword":1,"minecraft:iron_leggings":2,"minecraft:white_bed":2,"soulsweapons:sting":1,"minecraft:torch":16,"adventurez:cooked_venison":5},"minecraft:mined":{"minecraft:yellow_terracotta":2,"minecraft:white_bed":2,"minerally:deepslate_diamond_crystal_0":1,"minecraft:deepslate_diamond_ore":1,"minecraft:red_sand":1,"minecraft:moss_block":1,"minecraft:large_fern":6,"minerally:deepslate_copper_pile_0":1,"minecraft:magma_block":5,"minecraft:redstone_ore":4,"minerally:deepslate_diamond_crystal":1,"minecraft:furnace":8,"minecraft:iron_ore":31,"minecraft:fire":1,"minecraft:andesite":37,"minecraft:moss_carpet":2,"minecraft:deepslate_lapis_ore":14,"minecraft:deepslate_iron_ore":21,"minerally:deepslate_diamond_crystal_1":1,"minecraft:azalea":1,"minecraft:stone":336,"minecraft:deepslate_redstone_ore":10,"minecraft:flowering_azalea":1,"minerally:gold_pile_1":1,"minecraft:blackstone":1,"soulsweapons:verglas_ore_deepslate":1,"minecraft:clay":10,"minecraft:crafting_table":11,"minecraft:torch":9,"minecraft:calcite":63,"minecraft:chest":1,"minerally:deepslate_copper_pile":1,"minecraft:deepslate_coal_ore":2,"minerally:gold_pile_0":1,"minecraft:copper_ore":9,"minecraft:tall_grass":2,"minecraft:cobblestone":1,"minecraft:deepslate_gold_ore":4,"minecraft:sugar_cane":1,"minecraft:oak_planks":14,"minecraft:diorite":4,"minecraft:wall_torch":4,"minecraft:deepslate_copper_ore":3,"minerally:gold_rock":2,"minecraft:spruce_log":18,"minerally:iron_rock":1,"minecraft:grass":11,"minecraft:coal_ore":30,"minecraft:oak_log":66,"minecraft:gravel":8,"minecraft:dirt":7,"minecraft:cobweb":2,"minecraft:smooth_basalt":26,"minerally:deepslate_copper_pile_1":1,"minerally:gold_pile":1,"minecraft:deepslate":90,"minecraft:fern":2},"minecraft:custom":{"minecraft:mob_kills":77,"minecraft:interact_with_crafting_table":33,"minecraft:open_barrel":4,"minecraft:leave_game":7,"minecraft:time_since_death":3297,"minecraft:climb_one_cm":135,"minecraft:sprint_one_cm":281273,"minecraft:walk_one_cm":192316,"minecraft:drop":27,"minecraft:play_time":164845,"minecraft:deaths":15,"minecraft:sneak_time":9526,"minecraft:walk_under_water_one_cm":20367,"minecraft:boat_one_cm":15663,"minecraft:jump":2512,"minecraft:walk_on_water_one_cm":32328,"minecraft:total_world_time":164845,"minecraft:interact_with_furnace":179,"minecraft:sleep_in_bed":3,"minecraft:time_since_rest":3426,"minecraft:damage_taken":5829,"minecraft:damage_absorbed":924,"minecraft:damage_dealt":9569,"minecraft:player_kills":1,"minecraft:swim_one_cm":85453,"minecraft:fly_one_cm":627245,"minecraft:open_chest":44,"minecraft:crouch_one_cm":24351,"minecraft:fall_one_cm":66808},"minecraft:picked_up":{"minecraft:crafting_table":11,"minecraft:chicken":7,"minecraft:clay_ball":40,"minecraft:string":3,"minecraft:raw_copper":45,"soulsweapons:sting":1,"minecraft:blackstone":1,"minecraft:red_sand":1,"minecraft:cobbled_deepslate":74,"minecraft:spruce_planks":5,"minecraft:beef":37,"fleshz:hide":32,"minecraft:calcite":17,"minecraft:light_gray_wool":2,"minecraft:sugar_cane":3,"minecraft:chest":1,"minecraft:furnace":8,"minecraft:egg":3,"minecraft:raw_iron":65,"minecraft:stick":17,"minecraft:torch":19,"minecraft:porkchop":23,"minecraft:diorite":8,"minecraft:redstone":63,"minecraft:arrow":2,"minecraft:rotten_flesh":3,"minecraft:cow_spawn_egg":1,"minecraft:yellow_terracotta":1,"minecraft:mutton":40,"minecraft:white_wool":22,"minecraft:cobblestone":195,"minecraft:magma_block":5,"minecraft:feather":3,"minecraft:andesite":36,"minecraft:brown_wool":1,"minecraft:birch_planks":21,"minecraft:oak_log":57,"minecraft:lapis_lazuli":97,"minecraft:dirt":7,"minecraft:bone":2,"minecraft:apple":1,"minecraft:bow":1,"minecraft:wheat_seeds":3,"adventurez:raw_venison":5,"minecraft:raw_gold":9,"minecraft:moss_block":1,"minecraft:oak_planks":43,"minecraft:smooth_basalt":25,"minecraft:sheep_spawn_egg":2,"minecraft:sweet_berries":45,"minecraft:gravel":8,"minecraft:spruce_sapling":15,"minecraft:white_bed":2,"minecraft:spruce_log":18,"magistuarmory:rustedchainmail_leggings":1,"minecraft:skeleton_spawn_egg":1,"minecraft:diamond":4,"minecraft:gray_wool":3,"soulsweapons:verglas":1,"minecraft:oak_sapling":25,"minecraft:black_wool":2,"minecraft:coal":32},"minecraft:used":{"soulsweapons:sting":66,"minecraft:moss_block":1,"minecraft:red_sand":1,"minecraft:stone_sword":49,"minecraft:flint_and_steel":1,"minecraft:stone_shovel":24,"minecraft:chest":3,"minecraft:spruce_planks":35,"minecraft:cooked_chicken":1,"minecraft:torch":22,"minecraft:birch_door":1,"minecraft:iron_axe":88,"minecraft:iron_helmet":1,"minecraft:sweet_berries":2,"minecraft:furnace":12,"minecraft:cooked_beef":16,"minecraft:iron_leggings":1,"minecraft:cooked_mutton":8,"minecraft:water_bucket":3,"minecraft:stone_pickaxe":178,"minecraft:oak_planks":76,"minecraft:wooden_pickaxe":59,"minecraft:sugar_cane":3,"minecraft:golden_apple":2,"minecraft:yellow_terracotta":1,"minecraft:crafting_table":12,"minecraft:white_bed":3,"eldritch_end:primordial_boat":1,"minecraft:iron_pickaxe":482,"minecraft:gravel":39,"minecraft:stone_axe":24,"minecraft:cobblestone":3,"fleshz:wood_rack":2,"minecraft:cooked_porkchop":2,"minecraft:bucket":4}},"DataVersion":3465}