{"stats":{"minecraft:crafted":{"minecraft:oak_planks":20,"minecraft:stone_shovel":1,"minecraft:crafting_table":1,"minecraft:spruce_planks":152,"minecraft:stick":8,"minecraft:wooden_pickaxe":1,"minecraft:stone_pickaxe":1,"minecraft:stone_sword":1,"minecraft:stone_axe":1},"minecraft:killed_by":{"minecraft:zombie":1},"minecraft:dropped":{"minecraft:firework_rocket":1},"minecraft:mined":{"minecraft:large_fern":1,"minecraft:spruce_log":39,"minecraft:oak_log":5,"minecraft:grass_block":26,"minecraft:gravel":4,"minecraft:dirt":6,"minecraft:stone":21,"minecraft:fern":2},"minecraft:used":{"minecraft:stone_sword":2,"minecraft:firework_rocket":9,"minecraft:grass_block":1,"minecraft:chicken":2,"minecraft:stone_shovel":22,"minecraft:stone_pickaxe":14,"minecraft:elytra":1,"minecraft:spruce_planks":135,"minecraft:wooden_pickaxe":17,"minecraft:gravel":3,"minecraft:rotten_flesh":1,"minecraft:dirt":1,"minecraft:crafting_table":1,"minecraft:potato":1},"minecraft:killed":{"minecraft:chicken":4},"minecraft:picked_up":{"minecraft:stick":10,"minecraft:feather":4,"minecraft:chicken":4,"minecraft:potato":1,"minecraft:gravel":3,"minecraft:flint":1,"minecraft:oak_log":5,"minecraft:spruce_sapling":16,"minecraft:spruce_log":38,"minecraft:dirt":32,"minecraft:firework_rocket":1,"minecraft:rotten_flesh":1,"minecraft:wheat_seeds":3,"minecraft:oak_sapling":2,"minecraft:cobblestone":21},"minecraft:custom":{"minecraft:time_since_rest":24093,"minecraft:damage_absorbed":59,"minecraft:sprint_one_cm":59343,"minecraft:damage_taken":881,"minecraft:walk_one_cm":48618,"minecraft:mob_kills":5,"minecraft:drop":1,"minecraft:damage_dealt":445,"minecraft:interact_with_crafting_table":3,"minecraft:fly_one_cm":299942,"minecraft:crouch_one_cm":3808,"minecraft:play_time":53802,"minecraft:deaths":3,"minecraft:sneak_time":859,"minecraft:walk_under_water_one_cm":152,"minecraft:aviate_one_cm":524079,"minecraft:jump":422,"minecraft:walk_on_water_one_cm":103,"minecraft:time_since_death":12012,"minecraft:total_world_time":53802,"minecraft:fall_one_cm":9170}},"DataVersion":3465}