{"stats":{"minecraft:crafted":{"minecraft:oak_slab":18,"minecraft:oak_planks":20,"fleshz:prepared_hide":10,"minecraft:stone_shovel":1,"minecraft:crafting_table":1,"minecraft:spruce_planks":244,"minecraft:cooked_chicken":1,"minecraft:wooden_pickaxe":1,"fleshz:rotten_leather":1,"minecraft:furnace":1,"minecraft:stone_axe":1,"minecraft:air":0,"fleshz:wood_rack":8,"minecraft:stick":8,"minecraft:spruce_slab":6,"minecraft:stone_pickaxe":1,"minecraft:stone_sword":1,"minecraft:chest":1},"minecraft:used":{"minecraft:stone_sword":286,"minecraft:spruce_door":4,"minecraft:stone_shovel":27,"minecraft:stone_pickaxe":15,"minecraft:baked_potato":7,"minecraft:elytra":1,"minecraft:spruce_planks":399,"minecraft:chest":1,"minecraft:wooden_pickaxe":17,"minecraft:cooked_chicken":1,"minecraft:rotten_flesh":1,"minecraft:spruce_leaves":3,"minecraft:torch":5,"minecraft:dirt":31,"minecraft:crafting_table":3,"minecraft:firework_rocket":9,"minecraft:grass_block":7,"minecraft:chicken":2,"minecraft:gravel":3,"minecraft:stone_axe":8,"fleshz:wood_rack":9,"minecraft:furnace":3,"minecraft:oak_sapling":2,"minecraft:potato":1},"minecraft:killed_by":{"man:managgresive":1,"minecraft:phantom":2,"minecraft:zombie":1},"minecraft:dropped":{"minecraft:firework_rocket":1},"minecraft:killed":{"man:managgresive":3,"minecraft:phantom":2,"minecraft:skeleton":1,"minecraft:zombie":2,"minecraft:chicken":4},"minecraft:picked_up":{"minecraft:crafting_table":1,"minecraft:feather":6,"minecraft:chicken":4,"minecraft:leather":3,"minecraft:potato":1,"minecraft:flint":1,"minecraft:oak_log":5,"minecraft:dirt":61,"minecraft:bone":2,"minecraft:wheat_seeds":4,"minecraft:spruce_planks":4,"minecraft:spruce_slab":6,"minecraft:phantom_membrane":2,"fleshz:wood_rack":1,"minecraft:furnace":1,"minecraft:stick":31,"minecraft:gravel":3,"magistuarmory:rustednorman_helmet":1,"minecraft:spruce_sapling":66,"minecraft:spruce_log":187,"minecraft:spruce_door":1,"man:tearoftheman":3,"minecraft:firework_rocket":1,"minecraft:arrow":1,"minecraft:sugar":1,"minecraft:rotten_flesh":6,"minecraft:oak_sapling":2,"minecraft:cobblestone":21},"minecraft:mined":{"minecraft:spruce_planks":4,"minecraft:crafting_table":1,"minecraft:grass_block":33,"minecraft:large_fern":1,"minecraft:furnace":1,"minecraft:fire":2,"minecraft:spruce_log":176,"minecraft:grass":1,"minecraft:oak_log":5,"minecraft:gravel":4,"minecraft:dirt":6,"minecraft:stone":21,"minecraft:fern":2},"minecraft:custom":{"minecraft:interact_with_furnace":7,"minecraft:mob_kills":13,"minecraft:interact_with_crafting_table":24,"minecraft:leave_game":3,"minecraft:time_since_death":5524,"minecraft:time_since_rest":5654,"minecraft:sprint_one_cm":140538,"minecraft:walk_one_cm":152299,"minecraft:damage_taken":2149,"minecraft:damage_absorbed":857,"minecraft:drop":1,"minecraft:damage_dealt":15434,"minecraft:fly_one_cm":635462,"minecraft:player_kills":1,"minecraft:open_chest":10,"minecraft:crouch_one_cm":16814,"minecraft:play_time":351581,"minecraft:deaths":8,"minecraft:sneak_time":4980,"minecraft:walk_under_water_one_cm":152,"minecraft:aviate_one_cm":524079,"minecraft:jump":1327,"minecraft:walk_on_water_one_cm":2052,"minecraft:total_world_time":351581,"minecraft:fall_one_cm":20060}},"DataVersion":3465}