{"stats":{"minecraft:killed_by":{"minecraft:pig":1,"graveyard:skeleton_creeper":1,"minecraft:zombie":2},"minecraft:used":{"minecraft:netherite_sword":4,"dragonloot:upgraded_dragon_chestplate":1,"minecraft:villager_spawn_egg":1,"minecraft:grass_block":4,"deeperdarker:warden_sword":2,"dragonloot:dragon_pickaxe":10,"minecraft:fletching_table":1,"dragonloot:dragon_helmet":1,"minecraft:golden_sword":25,"minecraft:dirt":1,"minecraft:cobblestone":20,"minecraft:porkchop":1,"deeperdarker:warden_pickaxe":10,"minecraft:spruce_log":6},"minecraft:custom":{"minecraft:time_since_rest":17716,"minecraft:damage_absorbed":120,"minecraft:sprint_one_cm":78496,"minecraft:walk_one_cm":67925,"minecraft:damage_taken":1441,"minecraft:mob_kills":7,"minecraft:damage_dealt":1628,"minecraft:talked_to_villager":1,"minecraft:swim_one_cm":194,"minecraft:fly_one_cm":159412,"minecraft:crouch_one_cm":403,"minecraft:play_time":94228,"minecraft:deaths":5,"minecraft:sneak_time":420,"minecraft:walk_under_water_one_cm":683,"minecraft:aviate_one_cm":1025,"minecraft:jump":409,"minecraft:leave_game":2,"minecraft:time_since_death":17691,"minecraft:walk_on_water_one_cm":3278,"minecraft:total_world_time":94228,"minecraft:fall_one_cm":4754},"minecraft:mined":{"minecraft:birch_log":5,"minecraft:spruce_log":70,"minecraft:grass_block":1,"minecraft:cobblestone":14,"minecraft:stone":6},"minecraft:killed":{"adventurez:deer":1,"minecraft:zombie":1,"minecraft:pig":3,"minecraft:ghast":1,"minecraft:enderman":1},"minecraft:picked_up":{"minecraft:birch_log":5,"minecraft:stick":15,"minecraft:porkchop":3,"minecraft:spruce_sapling":25,"minecraft:golden_sword":1,"minecraft:spruce_log":70,"minecraft:gunpowder":2,"minecraft:dirt":1,"minecraft:rotten_flesh":12,"fleshz:hide":2,"minecraft:birch_sapling":3,"minecraft:cobblestone":20}},"DataVersion":3465}