{"stats":{"minecraft:killed":{"minecraft:pig":4,"minecraft:sheep":6,"minecraft:chicken":1},"minecraft:dropped":{"minecraft:wheat_seeds":2,"minecraft:cooked_porkchop":6,"minecraft:white_bed":1,"minecraft:birch_door":2},"minecraft:killed_by":{"minecraft:skeleton":2,"minecraft:spider":2,"minecraft:zombie":4},"minecraft:broken":{"minecraft:stone_pickaxe":1,"minecraft:wooden_pickaxe":1},"minecraft:mined":{"minecraft:white_bed":2,"minecraft:blackstone":1,"minecraft:crafting_table":7,"minecraft:calcite":2,"minecraft:copper_ore":9,"minecraft:oak_planks":2,"minecraft:diorite":4,"minecraft:deepslate_copper_ore":3,"minecraft:large_fern":2,"minecraft:redstone_ore":4,"minecraft:magma_block":5,"minecraft:furnace":3,"minecraft:iron_ore":9,"minecraft:fire":1,"minecraft:spruce_log":18,"minecraft:andesite":37,"minecraft:grass":5,"minecraft:oak_log":36,"minecraft:coal_ore":5,"minecraft:deepslate_iron_ore":2,"minecraft:gravel":8,"minecraft:dirt":7,"minecraft:smooth_basalt":16,"minecraft:stone":185,"minecraft:deepslate":21,"minecraft:fern":1},"minecraft:crafted":{"minecraft:oak_planks":108,"minecraft:stone_shovel":1,"minecraft:cooked_porkchop":8,"minecraft:crafting_table":2,"minecraft:spruce_planks":72,"minecraft:wooden_pickaxe":1,"minecraft:cooked_chicken":1,"minecraft:furnace":3,"minecraft:stone_axe":1,"minecraft:cooked_mutton":8,"minecraft:air":0,"minecraft:stick":16,"minecraft:iron_pickaxe":1,"minecraft:iron_ingot":9,"minecraft:stone_pickaxe":2,"minecraft:stone_sword":1,"minecraft:white_bed":2,"minecraft:birch_door":3,"minecraft:torch":16},"minecraft:custom":{"minecraft:interact_with_furnace":37,"minecraft:mob_kills":11,"minecraft:interact_with_crafting_table":14,"minecraft:leave_game":6,"minecraft:time_since_death":25999,"minecraft:sleep_in_bed":1,"minecraft:time_since_rest":12487,"minecraft:sprint_one_cm":125160,"minecraft:damage_absorbed":681,"minecraft:damage_taken":2449,"minecraft:walk_one_cm":76386,"minecraft:drop":5,"minecraft:damage_dealt":1468,"minecraft:swim_one_cm":19304,"minecraft:fly_one_cm":356393,"minecraft:player_kills":1,"minecraft:crouch_one_cm":15487,"minecraft:play_time":90580,"minecraft:deaths":9,"minecraft:sneak_time":6095,"minecraft:walk_under_water_one_cm":4765,"minecraft:boat_one_cm":15663,"minecraft:jump":1169,"minecraft:walk_on_water_one_cm":6298,"minecraft:total_world_time":90580,"minecraft:fall_one_cm":34423},"minecraft:picked_up":{"minecraft:crafting_table":7,"minecraft:magma_block":5,"minecraft:chicken":1,"minecraft:andesite":36,"minecraft:birch_planks":21,"minecraft:oak_log":27,"minecraft:dirt":7,"minecraft:raw_copper":44,"minecraft:blackstone":1,"minecraft:wheat_seeds":2,"minecraft:cobbled_deepslate":20,"minecraft:calcite":2,"minecraft:oak_planks":2,"minecraft:egg":2,"minecraft:furnace":3,"minecraft:stick":9,"minecraft:raw_iron":9,"minecraft:smooth_basalt":16,"minecraft:torch":1,"minecraft:gravel":8,"minecraft:porkchop":8,"minecraft:spruce_sapling":15,"minecraft:diorite":4,"minecraft:white_bed":2,"minecraft:spruce_log":18,"minecraft:redstone":19,"minecraft:gray_wool":1,"minecraft:oak_sapling":9,"minecraft:black_wool":1,"minecraft:mutton":8,"minecraft:coal":5,"minecraft:white_wool":8,"minecraft:cobblestone":181},"minecraft:used":{"minecraft:cooked_mutton":1,"minecraft:flint_and_steel":1,"minecraft:stone_shovel":15,"minecraft:stone_pickaxe":178,"minecraft:oak_planks":64,"minecraft:wooden_pickaxe":59,"minecraft:torch":1,"minecraft:golden_apple":2,"minecraft:crafting_table":8,"minecraft:white_bed":2,"minecraft:birch_door":1,"eldritch_end:primordial_boat":1,"minecraft:iron_pickaxe":69,"minecraft:gravel":39,"minecraft:stone_axe":23,"minecraft:furnace":5,"minecraft:cooked_porkchop":2}},"DataVersion":3465}