{"stats":{"minecraft:mined":{"minecraft:fire":1},"minecraft:custom":{"minecraft:jump":96,"minecraft:time_since_rest":42580,"minecraft:damage_taken":130,"minecraft:crouch_one_cm":802,"minecraft:leave_game":6,"minecraft:sprint_one_cm":14490,"minecraft:play_time":42580,"minecraft:time_since_death":42580,"minecraft:walk_on_water_one_cm":1707,"minecraft:walk_one_cm":9356,"minecraft:sneak_time":240,"minecraft:total_world_time":42580,"minecraft:walk_under_water_one_cm":934,"minecraft:swim_one_cm":1657,"minecraft:boat_one_cm":15663,"minecraft:fall_one_cm":836,"minecraft:fly_one_cm":68359},"minecraft:used":{"eldritch_end:primordial_boat":1,"minecraft:flint_and_steel":1}},"DataVersion":3465}