{"stats":{"minecraft:dropped":{"minecraft:wheat_seeds":1,"minecraft:cooked_porkchop":6,"minecraft:white_bed":1},"minecraft:killed":{"minecraft:sheep":6,"minecraft:pig":4,"minecraft:chicken":1},"minecraft:killed_by":{"minecraft:skeleton":2,"minecraft:spider":2,"minecraft:zombie":4},"minecraft:broken":{"minecraft:wooden_pickaxe":1},"minecraft:crafted":{"minecraft:oak_planks":108,"minecraft:stone_shovel":1,"minecraft:cooked_porkchop":8,"minecraft:crafting_table":2,"minecraft:spruce_planks":72,"minecraft:stick":16,"minecraft:cooked_chicken":1,"minecraft:wooden_pickaxe":1,"minecraft:stone_pickaxe":1,"minecraft:stone_sword":1,"minecraft:furnace":2,"minecraft:white_bed":2,"minecraft:torch":16,"minecraft:stone_axe":1,"minecraft:cooked_mutton":8,"minecraft:air":0},"minecraft:mined":{"minecraft:large_fern":2,"minecraft:magma_block":5,"minecraft:white_bed":2,"minecraft:furnace":2,"minecraft:fire":1,"minecraft:spruce_log":18,"minecraft:crafting_table":4,"minecraft:grass":5,"minecraft:coal_ore":5,"minecraft:oak_log":36,"minecraft:stone":59,"minecraft:fern":1},"minecraft:custom":{"minecraft:time_since_rest":487,"minecraft:interact_with_furnace":34,"minecraft:sprint_one_cm":121964,"minecraft:walk_one_cm":67648,"minecraft:damage_taken":2239,"minecraft:damage_absorbed":681,"minecraft:mob_kills":11,"minecraft:drop":3,"minecraft:damage_dealt":1468,"minecraft:swim_one_cm":14040,"minecraft:interact_with_crafting_table":10,"minecraft:fly_one_cm":354175,"minecraft:player_kills":1,"minecraft:crouch_one_cm":7883,"minecraft:play_time":78580,"minecraft:deaths":9,"minecraft:sneak_time":2491,"minecraft:walk_under_water_one_cm":3599,"minecraft:boat_one_cm":15663,"minecraft:jump":1136,"minecraft:leave_game":6,"minecraft:time_since_death":13999,"minecraft:walk_on_water_one_cm":4468,"minecraft:sleep_in_bed":1,"minecraft:total_world_time":78580,"minecraft:fall_one_cm":33146},"minecraft:picked_up":{"minecraft:magma_block":5,"minecraft:stick":9,"minecraft:crafting_table":4,"minecraft:chicken":1,"minecraft:birch_planks":21,"minecraft:porkchop":8,"minecraft:white_bed":2,"minecraft:oak_log":27,"minecraft:spruce_sapling":15,"minecraft:spruce_log":18,"minecraft:wheat_seeds":2,"minecraft:gray_wool":1,"minecraft:furnace":2,"minecraft:oak_sapling":9,"minecraft:black_wool":1,"minecraft:mutton":8,"minecraft:coal":5,"minecraft:white_wool":8,"minecraft:cobblestone":57,"minecraft:egg":2},"minecraft:used":{"eldritch_end:primordial_boat":1,"minecraft:flint_and_steel":1,"minecraft:stone_pickaxe":12,"minecraft:oak_planks":41,"minecraft:wooden_pickaxe":59,"minecraft:gravel":39,"minecraft:stone_axe":18,"minecraft:golden_apple":2,"minecraft:crafting_table":5,"minecraft:furnace":4,"minecraft:cooked_porkchop":2,"minecraft:white_bed":2}},"DataVersion":3465}