{"stats":{"minecraft:killed":{"mobcatalog:stonemaw":1,"minecraft:skeleton":2,"minecraft:chicken":2,"minecraft:pig":10,"minecraft:creeper":1,"minecraft:sheep":13,"adventurez:deer":3,"minecraft:zombie":2,"minecraft:cow":4},"minecraft:dropped":{"minecraft:wheat_seeds":2,"minecraft:cooked_porkchop":6,"minecraft:cobblestone":66,"minecraft:diorite":8,"minecraft:spruce_sapling":3,"minecraft:gravel":8,"minecraft:stone_axe":1,"minecraft:cobbled_deepslate":10,"minecraft:oak_planks":12,"minecraft:white_bed":1,"minecraft:spruce_planks":10,"minecraft:andesite":36,"minecraft:birch_door":2,"minecraft:stone_pickaxe":1,"minecraft:calcite":4,"minecraft:black_wool":1},"minecraft:killed_by":{"minecraft:spider":2,"minecraft:enderman":1,"minecraft:skeleton":2,"minecraft:zombie":4},"minecraft:broken":{"minecraft:wooden_pickaxe":1,"minecraft:stone_pickaxe":1,"minecraft:iron_pickaxe":1,"magistuarmory:rustedchainmail_leggings":1},"minecraft:crafted":{"minecraft:oak_planks":108,"minecraft:stone_shovel":1,"minecraft:cooked_chicken":1,"minecraft:furnace":4,"minecraft:cooked_mutton":8,"minecraft:iron_boots":1,"minecraft:iron_axe":1,"minecraft:stone_pickaxe":2,"minecraft:chest":1,"minecraft:birch_door":3,"minecraft:cooked_porkchop":8,"minecraft:crafting_table":2,"minecraft:spruce_planks":72,"minecraft:wooden_pickaxe":1,"minecraft:iron_helmet":1,"minecraft:bucket":1,"minecraft:stone_axe":1,"minecraft:air":0,"minecraft:iron_chestplate":1,"minecraft:stick":16,"minecraft:iron_ingot":32,"minecraft:iron_pickaxe":2,"minecraft:stone_sword":1,"minecraft:white_bed":2,"minecraft:torch":16},"minecraft:mined":{"minecraft:white_bed":2,"minerally:deepslate_diamond_crystal_0":1,"minecraft:deepslate_diamond_ore":1,"minecraft:moss_block":1,"minecraft:large_fern":2,"minerally:deepslate_copper_pile_0":1,"minecraft:magma_block":5,"minecraft:redstone_ore":4,"minerally:deepslate_diamond_crystal":1,"minecraft:furnace":8,"minecraft:iron_ore":31,"minecraft:fire":1,"minecraft:andesite":37,"minecraft:moss_carpet":2,"minecraft:deepslate_lapis_ore":14,"minecraft:deepslate_iron_ore":21,"minerally:deepslate_diamond_crystal_1":1,"minecraft:azalea":1,"minecraft:stone":335,"minecraft:deepslate_redstone_ore":10,"minecraft:flowering_azalea":1,"minerally:gold_pile_1":1,"minecraft:blackstone":1,"soulsweapons:verglas_ore_deepslate":1,"minecraft:clay":10,"minecraft:crafting_table":11,"minecraft:torch":4,"minecraft:calcite":44,"minerally:deepslate_copper_pile":1,"minerally:gold_pile_0":1,"minecraft:copper_ore":9,"minecraft:tall_grass":2,"minecraft:cobblestone":1,"minecraft:deepslate_gold_ore":4,"minecraft:oak_planks":3,"minecraft:diorite":4,"minecraft:wall_torch":2,"minecraft:deepslate_copper_ore":3,"minerally:gold_rock":2,"minecraft:spruce_log":18,"minerally:iron_rock":1,"minecraft:grass":9,"minecraft:coal_ore":20,"minecraft:oak_log":43,"minecraft:gravel":8,"minecraft:dirt":7,"minecraft:smooth_basalt":16,"minerally:deepslate_copper_pile_1":1,"minerally:gold_pile":1,"minecraft:deepslate":90,"minecraft:fern":1},"minecraft:custom":{"minecraft:mob_kills":38,"minecraft:interact_with_crafting_table":25,"minecraft:open_barrel":4,"minecraft:leave_game":6,"minecraft:time_since_death":8803,"minecraft:climb_one_cm":135,"minecraft:sprint_one_cm":202892,"minecraft:walk_one_cm":129340,"minecraft:drop":22,"minecraft:play_time":126580,"minecraft:deaths":10,"minecraft:sneak_time":8185,"minecraft:walk_under_water_one_cm":7100,"minecraft:boat_one_cm":15663,"minecraft:jump":1915,"minecraft:walk_on_water_one_cm":15022,"minecraft:total_world_time":126580,"minecraft:interact_with_furnace":60,"minecraft:sleep_in_bed":2,"minecraft:time_since_rest":6176,"minecraft:damage_taken":3419,"minecraft:damage_absorbed":681,"minecraft:damage_dealt":5125,"minecraft:player_kills":1,"minecraft:swim_one_cm":67005,"minecraft:fly_one_cm":486047,"minecraft:open_chest":4,"minecraft:crouch_one_cm":21397,"minecraft:fall_one_cm":50675},"minecraft:picked_up":{"minecraft:crafting_table":11,"minecraft:chicken":2,"minecraft:clay_ball":40,"minecraft:raw_copper":45,"minecraft:blackstone":1,"minecraft:cobbled_deepslate":74,"minecraft:spruce_planks":5,"minecraft:beef":8,"fleshz:hide":13,"minecraft:calcite":4,"minecraft:light_gray_wool":1,"minecraft:furnace":8,"minecraft:egg":2,"minecraft:raw_iron":65,"minecraft:stick":12,"minecraft:torch":7,"minecraft:porkchop":20,"minecraft:diorite":8,"minecraft:redstone":63,"minecraft:arrow":2,"minecraft:rotten_flesh":1,"minecraft:mutton":22,"minecraft:white_wool":14,"minecraft:cobblestone":194,"minecraft:magma_block":5,"minecraft:andesite":36,"minecraft:birch_planks":21,"minecraft:oak_log":33,"minecraft:lapis_lazuli":97,"minecraft:dirt":7,"minecraft:bone":2,"minecraft:bow":1,"minecraft:wheat_seeds":2,"adventurez:raw_venison":5,"minecraft:raw_gold":9,"minecraft:moss_block":1,"minecraft:oak_planks":32,"minecraft:smooth_basalt":16,"minecraft:gravel":8,"minecraft:spruce_sapling":15,"minecraft:white_bed":2,"minecraft:spruce_log":18,"magistuarmory:rustedchainmail_leggings":1,"minecraft:skeleton_spawn_egg":1,"minecraft:diamond":4,"minecraft:gray_wool":2,"soulsweapons:verglas":1,"minecraft:oak_sapling":10,"minecraft:black_wool":2,"minecraft:coal":20},"minecraft:used":{"minecraft:moss_block":1,"minecraft:stone_sword":45,"minecraft:flint_and_steel":1,"minecraft:stone_shovel":24,"minecraft:chest":1,"minecraft:spruce_planks":21,"minecraft:cooked_chicken":1,"minecraft:torch":7,"minecraft:birch_door":1,"minecraft:iron_axe":35,"minecraft:iron_helmet":1,"minecraft:furnace":12,"minecraft:cooked_beef":2,"minecraft:cooked_mutton":8,"minecraft:water_bucket":1,"minecraft:stone_pickaxe":178,"minecraft:oak_planks":65,"minecraft:wooden_pickaxe":59,"minecraft:golden_apple":2,"minecraft:crafting_table":12,"minecraft:white_bed":3,"eldritch_end:primordial_boat":1,"minecraft:iron_pickaxe":437,"minecraft:gravel":39,"minecraft:stone_axe":24,"minecraft:cobblestone":3,"minecraft:cooked_porkchop":2,"minecraft:bucket":2}},"DataVersion":3465}