{"stats":{"minecraft:mined":{"minecraft:large_fern":1,"minecraft:spruce_planks":2,"minecraft:fire":2,"minecraft:spruce_log":69,"minecraft:grass":1,"minecraft:grass_block":26,"minecraft:oak_log":5,"minecraft:gravel":4,"minecraft:dirt":6,"minecraft:stone":21,"minecraft:fern":2},"minecraft:dropped":{"minecraft:firework_rocket":1},"minecraft:killed":{"minecraft:zombie":1,"minecraft:chicken":4,"man:managgresive":1},"minecraft:crafted":{"minecraft:oak_planks":20,"minecraft:stone_shovel":1,"fleshz:wood_rack":2,"minecraft:crafting_table":1,"minecraft:spruce_slab":6,"minecraft:spruce_planks":152,"minecraft:stick":8,"minecraft:wooden_pickaxe":1,"fleshz:rotten_leather":1,"minecraft:cooked_chicken":1,"minecraft:stone_pickaxe":1,"minecraft:stone_sword":1,"minecraft:furnace":1,"minecraft:stone_axe":1,"minecraft:air":0},"minecraft:killed_by":{"man:managgresive":1,"minecraft:zombie":1},"minecraft:custom":{"minecraft:time_since_rest":24006,"minecraft:interact_with_furnace":2,"minecraft:sprint_one_cm":75904,"minecraft:damage_absorbed":276,"minecraft:damage_taken":993,"minecraft:walk_one_cm":69862,"minecraft:mob_kills":7,"minecraft:drop":1,"minecraft:damage_dealt":3868,"minecraft:interact_with_crafting_table":13,"minecraft:fly_one_cm":375490,"minecraft:crouch_one_cm":5150,"minecraft:play_time":79645,"minecraft:deaths":4,"minecraft:sneak_time":1636,"minecraft:walk_under_water_one_cm":152,"minecraft:aviate_one_cm":524079,"minecraft:jump":569,"minecraft:leave_game":2,"minecraft:time_since_death":23869,"minecraft:walk_on_water_one_cm":103,"minecraft:total_world_time":79645,"minecraft:fall_one_cm":11202},"minecraft:used":{"minecraft:stone_sword":59,"minecraft:firework_rocket":9,"minecraft:spruce_door":4,"minecraft:grass_block":4,"minecraft:chicken":2,"minecraft:stone_shovel":22,"minecraft:stone_pickaxe":14,"minecraft:elytra":1,"minecraft:spruce_planks":250,"minecraft:wooden_pickaxe":17,"minecraft:gravel":3,"minecraft:cooked_chicken":1,"minecraft:rotten_flesh":1,"minecraft:torch":4,"minecraft:stone_axe":3,"minecraft:dirt":4,"fleshz:wood_rack":2,"minecraft:crafting_table":2,"minecraft:oak_sapling":2,"minecraft:furnace":2,"minecraft:potato":1},"minecraft:picked_up":{"minecraft:stick":16,"minecraft:feather":4,"minecraft:chicken":4,"minecraft:potato":1,"minecraft:gravel":3,"minecraft:flint":1,"minecraft:oak_log":5,"minecraft:spruce_sapling":31,"minecraft:spruce_log":68,"minecraft:spruce_door":1,"minecraft:dirt":32,"man:tearoftheman":1,"minecraft:firework_rocket":1,"minecraft:rotten_flesh":3,"minecraft:wheat_seeds":3,"minecraft:spruce_planks":1,"minecraft:spruce_slab":6,"minecraft:oak_sapling":2,"minecraft:cobblestone":21}},"DataVersion":3465}