{"stats":{"minecraft:used":{"eldritch_end:primordial_boat":1},"minecraft:custom":{"minecraft:jump":60,"minecraft:time_since_rest":10045,"minecraft:crouch_one_cm":787,"minecraft:sprint_one_cm":9897,"minecraft:leave_game":5,"minecraft:play_time":10045,"minecraft:walk_on_water_one_cm":1576,"minecraft:time_since_death":10045,"minecraft:walk_one_cm":3722,"minecraft:sneak_time":222,"minecraft:total_world_time":10045,"minecraft:walk_under_water_one_cm":541,"minecraft:swim_one_cm":480,"minecraft:boat_one_cm":15663,"minecraft:fall_one_cm":627,"minecraft:fly_one_cm":63161}},"DataVersion":3465}