{"stats":{"minecraft:crafted":{"minecraft:oak_planks":20,"minecraft:crafting_table":1,"minecraft:stick":4,"minecraft:wooden_pickaxe":1,"minecraft:stone_pickaxe":1},"minecraft:killed_by":{"minecraft:zombie":1},"minecraft:dropped":{"minecraft:firework_rocket":1},"minecraft:mined":{"minecraft:large_fern":1,"minecraft:spruce_log":7,"minecraft:oak_log":5,"minecraft:grass_block":5,"minecraft:gravel":3,"minecraft:dirt":6,"minecraft:stone":8},"minecraft:used":{"minecraft:firework_rocket":9,"minecraft:grass_block":1,"minecraft:chicken":2,"minecraft:elytra":1,"minecraft:wooden_pickaxe":17,"minecraft:rotten_flesh":1,"minecraft:crafting_table":1,"minecraft:potato":1},"minecraft:killed":{"minecraft:chicken":3},"minecraft:picked_up":{"minecraft:stick":1,"minecraft:feather":3,"minecraft:chicken":3,"minecraft:potato":1,"minecraft:gravel":3,"minecraft:oak_log":5,"minecraft:spruce_sapling":1,"minecraft:spruce_log":7,"minecraft:dirt":11,"minecraft:firework_rocket":1,"minecraft:rotten_flesh":1,"minecraft:oak_sapling":2,"minecraft:cobblestone":8},"minecraft:custom":{"minecraft:time_since_rest":93,"minecraft:damage_absorbed":59,"minecraft:sprint_one_cm":42330,"minecraft:damage_taken":732,"minecraft:walk_one_cm":24442,"minecraft:mob_kills":4,"minecraft:drop":1,"minecraft:damage_dealt":280,"minecraft:interact_with_crafting_table":2,"minecraft:fly_one_cm":234049,"minecraft:crouch_one_cm":1239,"minecraft:play_time":29802,"minecraft:deaths":3,"minecraft:sneak_time":333,"minecraft:walk_under_water_one_cm":152,"minecraft:aviate_one_cm":524079,"minecraft:jump":301,"minecraft:walk_on_water_one_cm":103,"minecraft:time_since_death":0,"minecraft:total_world_time":29802,"minecraft:fall_one_cm":6628}},"DataVersion":3465}