{"stats":{"minecraft:used":{"eldritch_end:primordial_boat":1,"minecraft:flint_and_steel":1},"minecraft:mined":{"minecraft:fire":1},"minecraft:custom":{"minecraft:jump":80,"minecraft:time_since_rest":38752,"minecraft:damage_taken":130,"minecraft:crouch_one_cm":802,"minecraft:leave_game":6,"minecraft:sprint_one_cm":11534,"minecraft:play_time":38752,"minecraft:time_since_death":38752,"minecraft:walk_on_water_one_cm":1707,"minecraft:walk_one_cm":8851,"minecraft:sneak_time":240,"minecraft:total_world_time":38752,"minecraft:walk_under_water_one_cm":934,"minecraft:swim_one_cm":1657,"minecraft:boat_one_cm":15663,"minecraft:fall_one_cm":836,"minecraft:fly_one_cm":64740}},"DataVersion":3465}