{"stats":{"minecraft:dropped":{"minecraft:cooked_porkchop":6,"minecraft:glow_berries":2,"minecraft:chest_minecart":1,"minecraft:gravel":8,"minecraft:stone_axe":1,"minecraft:detector_rail":4,"minecraft:cobbled_deepslate":18,"minecraft:oak_planks":17,"minecraft:white_bed":1,"minecraft:birch_door":2,"minecraft:azalea":2,"minecraft:wheat_seeds":3,"minecraft:cobblestone":66,"minecraft:tropical_fish":2,"minecraft:diorite":8,"minecraft:iron_leggings":2,"fleshz:wood_rack":2,"minecraft:pumpkin":3,"minecraft:iron_axe":1,"minecraft:bucket":1,"minecraft:spruce_sapling":3,"soulsweapons:sting":1,"artifacts:flame_pendant":1,"minecraft:shield":1,"minecraft:spruce_planks":12,"minecraft:iron_chestplate":1,"minecraft:diamond_pickaxe":1,"minecraft:andesite":36,"minecraft:bow":2,"minecraft:stone_pickaxe":1,"minecraft:calcite":4,"minecraft:black_wool":1},"minecraft:killed":{"graveyard:skeleton_creeper":1,"minecraft:spider":4,"minecraft:skeleton":15,"minecraft:guardian":2,"minecraft:chicken":7,"minecraft:tropical_fish":1,"artifacts:mimic":1,"minecraft:pig":14,"minecraft:creeper":3,"minecraft:sheep":24,"minecraft:zombie":35,"graveyard:corrupted_pillager":1,"minecraft:cow":18,"graveyard:corrupted_vindicator":1,"mobcatalog:stonemaw":2,"minecraft:drowned":4,"minecraft:bat":1,"adventurez:deer":3,"minecraft:enderman":2},"minecraft:killed_by":{"minecraft:creeper":1,"minecraft:zombie":30,"minecraft:spider":3,"minecraft:enderman":2,"minecraft:skeleton":4},"minecraft:broken":{"minecraft:iron_boots":1,"minecraft:iron_chestplate":1,"minecraft:stone_pickaxe":1,"minecraft:wooden_pickaxe":1,"minecraft:iron_pickaxe":1,"minecraft:iron_helmet":1,"magistuarmory:rustedbarbute":1,"magistuarmory:rustedchainmail_leggings":2},"minecraft:crafted":{"minecraft:oak_planks":216,"scout:satchel":1,"fleshz:rotten_leather":24,"minecraft:cooked_chicken":7,"minecraft:stone":1,"minecraft:cooked_mutton":40,"minecraft:polished_blackstone_button":4,"minecraft:glass":38,"fleshz:wood_rack":26,"minecraft:diamond_helmet":4,"minecraft:diamond_leggings":2,"minecraft:iron_boots":1,"minecraft:polished_blackstone":12,"minecraft:chest":4,"minecraft:iron_door":3,"minecraft:birch_door":3,"minecraft:oak_slab":18,"fleshz:prepared_hide":56,"minecraft:cooked_porkchop":23,"minecraft:crafting_table":2,"minecraft:spruce_planks":72,"minecraft:wooden_pickaxe":1,"minecraft:iron_helmet":1,"minecraft:copper_ingot":73,"minecraft:campfire":2,"scout:pouch":2,"minecraft:iron_chestplate":2,"minecraft:book":1,"minecraft:paper":3,"minecraft:diamond_pickaxe":2,"minecraft:shield":1,"minecraft:stick":28,"minecraft:iron_ingot":99,"minecraft:iron_pickaxe":2,"minecraft:stone_sword":1,"minecraft:gold_ingot":63,"morebows:diamond_bow":1,"scout:satchel_strap":2,"minecraft:stone_shovel":1,"minecraft:furnace":4,"minecraft:stone_button":1,"minecraft:polished_blackstone_pressure_plate":4,"minecraft:flint_and_steel":1,"scout:upgraded_pouch":1,"minecraft:iron_axe":2,"minecraft:spruce_slab":60,"minecraft:stone_pickaxe":2,"minecraft:diamond_boots":3,"minecraft:spruce_boat":1,"minecraft:cooked_beef":39,"minecraft:sugar":170,"minecraft:enchanting_table":1,"minecraft:bucket":1,"magistuarmory:rustedchainmail_leggings":1,"minecraft:stone_axe":1,"minecraft:air":0,"minecraft:iron_shovel":1,"minecraft:iron_leggings":2,"minecraft:white_bed":2,"scout:upgraded_satchel":1,"soulsweapons:sting":1,"minecraft:torch":16,"minecraft:diamond_chestplate":3,"adventurez:cooked_venison":5},"minecraft:mined":{"minerally:deepslate_emerald_crystal_0":2,"minerally:deepslate_gold_pile_0":5,"minerally:diamond_crystal":1,"minerally:deepslate_gold_pile_1":5,"minecraft:spruce_planks":14,"minecraft:white_bed":4,"minerally:deepslate_emerald_crystal_1":2,"minerally:deepslate_diamond_crystal_0":2,"minerally:copper_rock":2,"minecraft:obsidian":4,"minecraft:cave_vines_plant":1,"minecraft:red_sand":110,"minecraft:grass_block":1,"minerally:deepslate_copper_pile_0":2,"minecraft:magma_block":8,"minecraft:iron_ore":37,"minecraft:fire":2,"minerally:coal_rock":3,"minecraft:moss_carpet":2,"minecraft:deepslate_lapis_ore":15,"minecraft:cave_vines":4,"minerally:deepslate_coal_pile_0":1,"minerally:diamond_rock":3,"minerally:deepslate_diamond_crystal_1":2,"minecraft:azalea":3,"minecraft:deepslate_redstone_ore":10,"minecraft:blackstone":26,"soulsweapons:verglas_ore_deepslate":4,"minecraft:smoker":1,"minecraft:clay":17,"minecraft:torch":17,"minecraft:calcite":137,"minerally:deepslate_coal_pile_1":1,"minecraft:chest":1,"minerally:deepslate_emerald_crystal":2,"minerally:deepslate_copper_pile":2,"minecraft:cobblestone":3,"minecraft:oak_planks":86,"minecraft:sugar_cane":126,"minecraft:wall_torch":30,"minecraft:deepslate_copper_ore":9,"minerally:deepslate_geode":2,"minecraft:grass":16,"minecraft:oak_log":66,"minecraft:dirt":8,"minerally:deepslate_copper_pile_1":2,"minecraft:smooth_basalt":57,"minerally:gold_pile":1,"minecraft:deepslate":118,"minecraft:yellow_terracotta":31,"minecraft:deepslate_tiles":2,"minecraft:tuff":1,"minecraft:deepslate_diamond_ore":33,"minecraft:spruce_leaves":10,"minecraft:moss_block":6,"minerally:deepslate_lapis_pile_0":1,"minecraft:large_fern":6,"minerally:deepslate_lapis_pile":1,"minecraft:redstone_ore":4,"minerally:deepslate_diamond_crystal":2,"minecraft:spruce_sapling":1,"minecraft:furnace":9,"minecraft:polished_blackstone_button":2,"minecraft:andesite":37,"soulsweapons:moonstone_ore_deepslate":4,"minecraft:deepslate_iron_ore":58,"minerally:deepslate_gold_pile":5,"minecraft:stone":336,"minecraft:smithing_table":1,"minecraft:flowering_azalea":1,"minerally:gold_pile_1":1,"minecraft:crafting_table":12,"minerally:diamond_crystal_0":1,"minecraft:campfire":1,"minecraft:tall_grass":8,"minecraft:copper_ore":9,"minecraft:deepslate_coal_ore":2,"minerally:gold_pile_0":1,"minecraft:deepslate_gold_ore":31,"minecraft:diorite":4,"minecraft:coarse_dirt":3,"minerally:gold_rock":4,"minecraft:ice":4,"minerally:iron_rock":2,"minecraft:spruce_log":219,"minerally:deepslate_coal_pile":1,"minerally:emerald_rock":1,"minecraft:coal_ore":30,"minecraft:gravel":109,"minecraft:cobweb":28,"minecraft:gold_ore":1,"minecraft:chipped_anvil":1,"minerally:diamond_crystal_1":1,"minecraft:fern":3},"minecraft:custom":{"minecraft:interact_with_crafting_table":85,"minecraft:open_barrel":29,"minecraft:leave_game":9,"minecraft:time_since_death":81704,"minecraft:sprint_one_cm":559093,"minecraft:drop":49,"minecraft:play_time":361721,"minecraft:deaths":41,"minecraft:jump":4634,"minecraft:walk_on_water_one_cm":78605,"minecraft:interact_with_furnace":281,"minecraft:sleep_in_bed":5,"minecraft:damage_dealt":21152,"minecraft:player_kills":1,"minecraft:crouch_one_cm":99184,"minecraft:interact_with_smoker":27,"minecraft:interact_with_smithing_table":3,"minecraft:interact_with_anvil":4,"minecraft:mob_kills":141,"minecraft:interact_with_campfire":16,"minecraft:climb_one_cm":1928,"minecraft:walk_one_cm":668646,"minecraft:sneak_time":27400,"minecraft:walk_under_water_one_cm":51228,"minecraft:boat_one_cm":131719,"minecraft:total_world_time":361721,"minecraft:time_since_rest":55408,"minecraft:damage_taken":16277,"minecraft:damage_absorbed":1440,"minecraft:swim_one_cm":147404,"minecraft:fly_one_cm":1148104,"minecraft:open_chest":285,"minecraft:fall_one_cm":101350},"minecraft:picked_up":{"minecraft:birch_door":1,"minecraft:smithing_table":1,"soulsweapons:moonstone":4,"minecraft:string":35,"minecraft:raw_copper":73,"minecraft:iron_leggings":1,"minecraft:deepslate_tiles":2,"minecraft:red_sand":105,"minecraft:gold_nugget":3,"minecraft:cobbled_deepslate":92,"bosses_of_mass_destruction:soul_star":1,"minecraft:spruce_planks":19,"minecraft:calcite":91,"minecraft:azalea":2,"fleshz:rotten_leather":1,"minecraft:furnace":9,"minecraft:stick":79,"minecraft:oak_fence":1,"minecraft:torch":74,"minecraft:porkchop":26,"magistuarmory:rusted_heavymace":1,"minecraft:diorite":8,"minecraft:zombie_spawn_egg":1,"minecraft:rotten_flesh":37,"minecraft:tropical_fish":2,"minecraft:cow_spawn_egg":1,"minecraft:obsidian":4,"minecraft:cobblestone":196,"minecraft:magma_block":8,"minecraft:feather":3,"minecraft:iron_door":1,"minecraft:andesite":36,"minecraft:brown_wool":1,"minecraft:smoker":1,"minecraft:flint":15,"artifacts:flame_pendant":1,"minecraft:dirt":9,"minecraft:lapis_lazuli":119,"minecraft:bone":19,"minecraft:chipped_anvil":1,"minecraft:bow":4,"minecraft:wheat_seeds":5,"minecraft:raw_gold":53,"adventurez:raw_venison":5,"minecraft:moss_block":4,"minecraft:oak_planks":117,"fleshz:wood_rack":6,"minecraft:sheep_spawn_egg":2,"minecraft:skeleton_spawn_egg":1,"scout:tanned_leather":14,"minecraft:diamond":45,"minecraft:spruce_boat":7,"minecraft:polished_blackstone_button":2,"soulsweapons:verglas":4,"minecraft:spruce_button":1,"minecraft:emerald":12,"minecraft:bread":3,"minecraft:oak_sapling":25,"minecraft:coarse_dirt":2,"minecraft:charcoal":2,"minecraft:crafting_table":12,"minecraft:chicken":7,"minecraft:clay_ball":96,"minecraft:chest_minecart":2,"soulsweapons:sting":1,"minecraft:blackstone":26,"graveyard:corruption":2,"minecraft:detector_rail":6,"minecraft:beef":37,"fleshz:hide":36,"minecraft:iron_nugget":14,"minecraft:light_gray_wool":2,"minecraft:sugar_cane":184,"minecraft:chest":1,"minecraft:egg":3,"minecraft:raw_iron":111,"magistuarmory:rustedbarbute":1,"minecraft:stone_button":2,"minecraft:redstone":63,"minecraft:arrow":19,"minecraft:beetroot_seeds":4,"minecraft:yellow_terracotta":30,"minecraft:mutton":40,"minecraft:glow_berries":2,"minecraft:white_wool":22,"minecraft:rail":6,"magistuarmory:rustedhalfarmor_chestplate":1,"minecraft:birch_planks":21,"minecraft:oak_log":57,"minecraft:gunpowder":2,"minecraft:apple":1,"minecraft:iron_ingot":27,"minecraft:smooth_basalt":56,"minecraft:pumpkin":4,"minecraft:sweet_berries":45,"minecraft:gravel":94,"magistuarmory:rustednorman_helmet":2,"minecraft:spruce_sapling":107,"minecraft:spruce_log":218,"minecraft:white_bed":4,"magistuarmory:rustedchainmail_leggings":5,"minecraft:spider_eye":1,"minecraft:diamond_axe":1,"minecraft:gray_wool":3,"minecraft:black_wool":2,"minecraft:coal":38},"minecraft:used":{"minecraft:moss_block":4,"minecraft:red_sand":117,"minecraft:iron_shovel":167,"minecraft:chest":14,"minecraft:zombie_spawn_egg":4,"minecraft:deepslate_tile_slab":3,"minecraft:spruce_boat":8,"minecraft:polished_blackstone_slab":2,"minecraft:glass":24,"minecraft:iron_helmet":1,"minecraft:magma_block":1,"minecraft:bow":10,"minecraft:sweet_berries":2,"minecraft:furnace":14,"minecraft:polished_diorite_stairs":17,"adventurez:cooked_venison":5,"minecraft:stone_pickaxe":178,"minecraft:oak_planks":285,"minecraft:blackstone":222,"minecraft:wooden_pickaxe":59,"minecraft:sugar_cane":91,"minecraft:smooth_quartz_stairs":4,"minecraft:golden_apple":2,"minecraft:yellow_terracotta":8,"eldritch_end:primordial_boat":1,"minecraft:stone_button":2,"minecraft:iron_door":5,"minecraft:gravel":39,"minecraft:smithing_table":1,"minecraft:bone_meal":43,"minecraft:cobweb":17,"minecraft:diorite_stairs":5,"soulsweapons:sting":440,"minecraft:polished_blackstone_brick_slab":12,"minecraft:enchanting_table":2,"minecraft:stone_sword":49,"minecraft:flint_and_steel":3,"minecraft:stone_shovel":24,"morebows:diamond_bow":53,"minecraft:spruce_planks":39,"minecraft:cooked_chicken":1,"minecraft:torch":85,"minecraft:dirt":2,"minecraft:birch_door":1,"minecraft:chipped_anvil":1,"minecraft:iron_axe":199,"minecraft:spruce_button":3,"minecraft:smooth_basalt":5,"minecraft:cooked_beef":48,"minecraft:cobbled_deepslate":9,"minecraft:iron_leggings":1,"minecraft:calcite":466,"minecraft:cooked_mutton":10,"minecraft:water_bucket":20,"minecraft:polished_blackstone_pressure_plate":4,"minecraft:crafting_table":15,"minecraft:white_bed":7,"minecraft:campfire":2,"minecraft:smoker":1,"minecraft:diamond_pickaxe":271,"minecraft:iron_pickaxe":641,"minecraft:spruce_sapling":28,"minecraft:stone_axe":24,"minecraft:cobblestone":3,"fleshz:wood_rack":30,"minecraft:cooked_porkchop":2,"minecraft:bucket":20,"minecraft:polished_blackstone_button":6}},"DataVersion":3465}