{"stats":{"minecraft:killed_by":{"minecraft:pig":1,"minecraft:zombie":2},"minecraft:used":{"minecraft:netherite_sword":4,"dragonloot:upgraded_dragon_chestplate":1,"minecraft:villager_spawn_egg":1,"minecraft:grass_block":4,"deeperdarker:warden_sword":2,"dragonloot:dragon_pickaxe":10,"minecraft:fletching_table":1,"dragonloot:dragon_helmet":1,"minecraft:dirt":1,"minecraft:cobblestone":20,"deeperdarker:warden_pickaxe":10,"minecraft:spruce_log":6},"minecraft:custom":{"minecraft:time_since_rest":25386,"minecraft:damage_absorbed":120,"minecraft:sprint_one_cm":40277,"minecraft:walk_one_cm":34733,"minecraft:damage_taken":957,"minecraft:mob_kills":5,"minecraft:damage_dealt":911,"minecraft:talked_to_villager":1,"minecraft:swim_one_cm":194,"minecraft:fly_one_cm":71601,"minecraft:crouch_one_cm":303,"minecraft:play_time":46228,"minecraft:deaths":4,"minecraft:sneak_time":297,"minecraft:walk_under_water_one_cm":683,"minecraft:aviate_one_cm":1025,"minecraft:jump":199,"minecraft:leave_game":2,"minecraft:time_since_death":25354,"minecraft:walk_on_water_one_cm":3012,"minecraft:total_world_time":46228,"minecraft:fall_one_cm":3709},"minecraft:mined":{"minecraft:birch_log":5,"minecraft:spruce_log":70,"minecraft:grass_block":1,"minecraft:cobblestone":14,"minecraft:stone":6},"minecraft:killed":{"minecraft:zombie":1,"minecraft:pig":3,"minecraft:enderman":1},"minecraft:picked_up":{"minecraft:birch_log":5,"minecraft:stick":15,"minecraft:porkchop":3,"minecraft:spruce_sapling":25,"minecraft:spruce_log":70,"minecraft:dirt":1,"minecraft:rotten_flesh":2,"minecraft:birch_sapling":3,"minecraft:cobblestone":20}},"DataVersion":3465}