{"stats":{"minecraft:killed":{"minecraft:pig":3,"minecraft:enderman":1},"minecraft:used":{"minecraft:netherite_sword":4,"minecraft:dirt":1,"minecraft:villager_spawn_egg":1,"minecraft:grass_block":2,"minecraft:spruce_log":6,"minecraft:fletching_table":1},"minecraft:custom":{"minecraft:time_since_rest":12,"minecraft:crouch_one_cm":170,"minecraft:deaths":3,"minecraft:play_time":19821,"minecraft:sprint_one_cm":24847,"minecraft:damage_absorbed":82,"minecraft:damage_taken":725,"minecraft:walk_one_cm":23589,"minecraft:sneak_time":150,"minecraft:mob_kills":4,"minecraft:jump":105,"minecraft:damage_dealt":700,"minecraft:leave_game":1,"minecraft:walk_on_water_one_cm":742,"minecraft:time_since_death":0,"minecraft:total_world_time":19821,"minecraft:talked_to_villager":1,"minecraft:fall_one_cm":2873,"minecraft:fly_one_cm":48492},"minecraft:mined":{"minecraft:grass_block":1,"minecraft:birch_log":5,"minecraft:spruce_log":70},"minecraft:killed_by":{"minecraft:pig":1,"minecraft:zombie":1},"minecraft:picked_up":{"minecraft:birch_log":5,"minecraft:stick":15,"minecraft:porkchop":3,"minecraft:spruce_sapling":25,"minecraft:spruce_log":70,"minecraft:birch_sapling":3,"minecraft:dirt":1}},"DataVersion":3465}