{"stats":{"minecraft:crafted":{"minecraft:oak_slab":18,"minecraft:oak_planks":20,"fleshz:prepared_hide":10,"minecraft:stone_shovel":1,"minecraft:crafting_table":1,"minecraft:spruce_planks":244,"minecraft:cooked_chicken":1,"fleshz:rotten_leather":1,"minecraft:wooden_pickaxe":1,"minecraft:furnace":1,"minecraft:stone_axe":1,"minecraft:air":0,"fleshz:wood_rack":8,"minecraft:stick":8,"minecraft:spruce_slab":6,"minecraft:stone_pickaxe":1,"minecraft:stone_sword":1,"minecraft:chest":1},"minecraft:used":{"minecraft:stone_sword":294,"minecraft:spruce_door":4,"minecraft:stone_shovel":28,"minecraft:stone_pickaxe":15,"minecraft:baked_potato":7,"minecraft:elytra":1,"minecraft:spruce_planks":399,"minecraft:chest":1,"minecraft:wooden_pickaxe":17,"minecraft:cooked_chicken":1,"minecraft:rotten_flesh":1,"minecraft:spruce_leaves":3,"minecraft:torch":5,"minecraft:dirt":33,"minecraft:crafting_table":3,"minecraft:firework_rocket":9,"minecraft:grass_block":7,"minecraft:chicken":2,"minecraft:gravel":3,"minecraft:stone_axe":8,"fleshz:wood_rack":9,"minecraft:furnace":3,"minecraft:oak_sapling":2,"minecraft:potato":1},"minecraft:killed_by":{"man:managgresive":1,"minecraft:zombie_villager":1,"minecraft:phantom":2,"minecraft:zombie":1},"minecraft:dropped":{"minecraft:firework_rocket":1},"minecraft:killed":{"man:managgresive":5,"minecraft:spider":1,"minecraft:phantom":2,"minecraft:skeleton":1,"minecraft:zombie":2,"minecraft:chicken":4},"minecraft:picked_up":{"minecraft:crafting_table":1,"minecraft:feather":6,"minecraft:chicken":4,"minecraft:leather":3,"minecraft:potato":1,"minecraft:flint":1,"minecraft:oak_log":5,"minecraft:dirt":63,"minecraft:string":1,"minecraft:bone":2,"minecraft:wheat_seeds":4,"minecraft:spruce_planks":4,"minecraft:spruce_slab":6,"minecraft:phantom_membrane":2,"fleshz:wood_rack":1,"minecraft:furnace":1,"minecraft:stick":31,"minecraft:gravel":3,"magistuarmory:rustednorman_helmet":1,"minecraft:spruce_sapling":66,"minecraft:spruce_log":187,"minecraft:spruce_door":1,"man:tearoftheman":5,"minecraft:firework_rocket":1,"minecraft:arrow":1,"minecraft:rotten_flesh":6,"minecraft:sugar":1,"minecraft:oak_sapling":2,"minecraft:cobblestone":21},"minecraft:mined":{"minecraft:spruce_planks":4,"minecraft:crafting_table":1,"minecraft:grass_block":34,"minecraft:large_fern":1,"minecraft:furnace":1,"minecraft:fire":2,"minecraft:spruce_log":176,"minecraft:grass":1,"minecraft:oak_log":5,"minecraft:gravel":4,"minecraft:dirt":6,"minecraft:stone":21,"minecraft:fern":4},"minecraft:custom":{"minecraft:interact_with_furnace":7,"minecraft:mob_kills":16,"minecraft:interact_with_crafting_table":24,"minecraft:leave_game":4,"minecraft:time_since_death":2246,"minecraft:time_since_rest":2390,"minecraft:sprint_one_cm":165292,"minecraft:walk_one_cm":171261,"minecraft:damage_taken":2369,"minecraft:damage_absorbed":1144,"minecraft:drop":1,"minecraft:damage_dealt":15870,"minecraft:fly_one_cm":685413,"minecraft:player_kills":1,"minecraft:open_chest":10,"minecraft:crouch_one_cm":17830,"minecraft:play_time":361447,"minecraft:deaths":9,"minecraft:sneak_time":5358,"minecraft:walk_under_water_one_cm":152,"minecraft:aviate_one_cm":524079,"minecraft:jump":1600,"minecraft:walk_on_water_one_cm":2052,"minecraft:total_world_time":361447,"minecraft:fall_one_cm":24927}},"DataVersion":3465}