{"stats":{"minecraft:killed":{"minecraft:pig":3},"minecraft:used":{"minecraft:grass_block":1},"minecraft:custom":{"minecraft:time_since_rest":1423,"minecraft:crouch_one_cm":40,"minecraft:deaths":1,"minecraft:play_time":7821,"minecraft:sprint_one_cm":13532,"minecraft:damage_absorbed":17,"minecraft:damage_taken":483,"minecraft:walk_one_cm":13185,"minecraft:sneak_time":80,"minecraft:mob_kills":3,"minecraft:jump":53,"minecraft:damage_dealt":300,"minecraft:leave_game":1,"minecraft:walk_on_water_one_cm":223,"minecraft:time_since_death":1398,"minecraft:total_world_time":7821,"minecraft:fall_one_cm":1703,"minecraft:fly_one_cm":15396},"minecraft:mined":{"minecraft:birch_log":5,"minecraft:spruce_log":70},"minecraft:killed_by":{"minecraft:pig":1},"minecraft:picked_up":{"minecraft:birch_log":5,"minecraft:stick":15,"minecraft:porkchop":3,"minecraft:spruce_sapling":25,"minecraft:spruce_log":70,"minecraft:birch_sapling":3}},"DataVersion":3465}