{"stats":{"minecraft:killed_by":{"minecraft:zombie":1},"minecraft:mined":{"minecraft:oak_log":5},"minecraft:picked_up":{"minecraft:stick":1,"minecraft:rotten_flesh":1,"minecraft:potato":1,"minecraft:oak_log":5,"minecraft:oak_sapling":2},"minecraft:custom":{"minecraft:time_since_rest":3283,"minecraft:walk_one_cm":8386,"minecraft:crouch_one_cm":1122,"minecraft:damage_taken":280,"minecraft:play_time":5802,"minecraft:sprint_one_cm":18176,"minecraft:damage_absorbed":45,"minecraft:deaths":1,"minecraft:sneak_time":259,"minecraft:walk_under_water_one_cm":152,"minecraft:mob_kills":1,"minecraft:jump":78,"minecraft:damage_dealt":160,"minecraft:time_since_death":2607,"minecraft:walk_on_water_one_cm":103,"minecraft:total_world_time":5802,"minecraft:fall_one_cm":2901,"minecraft:fly_one_cm":55752}},"DataVersion":3465}