{"stats":{"minecraft:crafted":{"minecraft:oak_planks":20,"minecraft:crafting_table":1,"minecraft:stick":4,"minecraft:wooden_pickaxe":1},"minecraft:killed_by":{"minecraft:zombie":1},"minecraft:dropped":{"minecraft:firework_rocket":1},"minecraft:mined":{"minecraft:large_fern":1,"minecraft:spruce_log":7,"minecraft:oak_log":5,"minecraft:grass_block":5,"minecraft:gravel":3,"minecraft:dirt":5,"minecraft:stone":1},"minecraft:used":{"minecraft:firework_rocket":9,"minecraft:grass_block":1,"minecraft:chicken":2,"minecraft:elytra":1,"minecraft:wooden_pickaxe":9,"minecraft:rotten_flesh":1,"minecraft:crafting_table":1,"minecraft:potato":1},"minecraft:killed":{"minecraft:chicken":3},"minecraft:picked_up":{"minecraft:stick":1,"minecraft:feather":3,"minecraft:chicken":3,"minecraft:potato":1,"minecraft:gravel":3,"minecraft:oak_log":5,"minecraft:spruce_sapling":1,"minecraft:spruce_log":7,"minecraft:dirt":10,"minecraft:firework_rocket":1,"minecraft:rotten_flesh":1,"minecraft:oak_sapling":2},"minecraft:custom":{"minecraft:time_since_rest":4677,"minecraft:damage_absorbed":45,"minecraft:sprint_one_cm":41550,"minecraft:damage_taken":640,"minecraft:walk_one_cm":22839,"minecraft:mob_kills":4,"minecraft:drop":1,"minecraft:damage_dealt":280,"minecraft:interact_with_crafting_table":1,"minecraft:fly_one_cm":233557,"minecraft:crouch_one_cm":1239,"minecraft:play_time":17802,"minecraft:deaths":2,"minecraft:sneak_time":332,"minecraft:walk_under_water_one_cm":152,"minecraft:aviate_one_cm":524079,"minecraft:jump":283,"minecraft:walk_on_water_one_cm":103,"minecraft:time_since_death":4546,"minecraft:total_world_time":17802,"minecraft:fall_one_cm":6628}},"DataVersion":3465}