{"stats":{"minecraft:mined":{"minecraft:spruce_planks":4,"minecraft:crafting_table":1,"minecraft:grass_block":33,"minecraft:large_fern":1,"minecraft:furnace":1,"minecraft:fire":2,"minecraft:spruce_log":152,"minecraft:grass":1,"minecraft:oak_log":5,"minecraft:gravel":4,"minecraft:dirt":6,"minecraft:stone":21,"minecraft:fern":2},"minecraft:dropped":{"minecraft:firework_rocket":1},"minecraft:custom":{"minecraft:interact_with_furnace":7,"minecraft:mob_kills":7,"minecraft:interact_with_crafting_table":23,"minecraft:leave_game":3,"minecraft:time_since_death":134568,"minecraft:time_since_rest":148657,"minecraft:sprint_one_cm":114166,"minecraft:walk_one_cm":115658,"minecraft:damage_taken":1514,"minecraft:damage_absorbed":612,"minecraft:drop":1,"minecraft:damage_dealt":3913,"minecraft:fly_one_cm":552754,"minecraft:open_chest":7,"minecraft:crouch_one_cm":13284,"minecraft:play_time":262998,"minecraft:deaths":6,"minecraft:sneak_time":3635,"minecraft:walk_under_water_one_cm":152,"minecraft:aviate_one_cm":524079,"minecraft:jump":825,"minecraft:walk_on_water_one_cm":2052,"minecraft:total_world_time":262998,"minecraft:fall_one_cm":16441},"minecraft:crafted":{"minecraft:oak_slab":18,"minecraft:oak_planks":20,"fleshz:prepared_hide":10,"minecraft:stone_shovel":1,"minecraft:crafting_table":1,"minecraft:spruce_planks":244,"minecraft:wooden_pickaxe":1,"minecraft:cooked_chicken":1,"fleshz:rotten_leather":1,"minecraft:furnace":1,"minecraft:stone_axe":1,"minecraft:air":0,"fleshz:wood_rack":8,"minecraft:stick":8,"minecraft:spruce_slab":6,"minecraft:stone_pickaxe":1,"minecraft:stone_sword":1,"minecraft:chest":1},"minecraft:used":{"minecraft:stone_sword":59,"minecraft:spruce_door":4,"minecraft:stone_shovel":27,"minecraft:stone_pickaxe":15,"minecraft:baked_potato":2,"minecraft:elytra":1,"minecraft:chest":1,"minecraft:spruce_planks":399,"minecraft:wooden_pickaxe":17,"minecraft:cooked_chicken":1,"minecraft:rotten_flesh":1,"minecraft:torch":5,"minecraft:dirt":31,"minecraft:crafting_table":3,"minecraft:firework_rocket":9,"minecraft:grass_block":6,"minecraft:chicken":2,"minecraft:gravel":3,"minecraft:stone_axe":6,"fleshz:wood_rack":9,"minecraft:oak_sapling":2,"minecraft:furnace":3,"minecraft:potato":1},"minecraft:picked_up":{"minecraft:crafting_table":1,"minecraft:feather":4,"minecraft:chicken":4,"minecraft:leather":2,"minecraft:potato":1,"minecraft:flint":1,"minecraft:oak_log":5,"minecraft:dirt":61,"minecraft:wheat_seeds":3,"minecraft:spruce_planks":3,"minecraft:spruce_slab":6,"fleshz:wood_rack":1,"minecraft:furnace":1,"minecraft:stick":29,"minecraft:gravel":3,"minecraft:spruce_sapling":55,"minecraft:spruce_log":156,"minecraft:spruce_door":1,"man:tearoftheman":1,"minecraft:firework_rocket":1,"minecraft:rotten_flesh":5,"minecraft:oak_sapling":2,"minecraft:cobblestone":21},"minecraft:killed_by":{"man:managgresive":1,"minecraft:zombie":1},"minecraft:killed":{"man:managgresive":1,"minecraft:zombie":1,"minecraft:chicken":4}},"DataVersion":3465}