{"stats":{"minecraft:picked_up":{"minecraft:dark_oak_log":1,"minecraft:dirt":2},"minecraft:dropped":{"minecraft:dirt":2},"minecraft:killed":{"minecraft:sheep":1},"minecraft:used":{"minecraft:dark_oak_log":1},"minecraft:custom":{"minecraft:time_since_rest":1890,"minecraft:play_time":3394,"minecraft:crouch_one_cm":122,"minecraft:sprint_one_cm":2288,"minecraft:walk_one_cm":14775,"minecraft:damage_taken":285,"minecraft:deaths":1,"minecraft:sneak_time":12,"minecraft:mob_kills":1,"minecraft:drop":2,"minecraft:jump":61,"minecraft:damage_dealt":180,"minecraft:leave_game":1,"minecraft:time_since_death":1737,"minecraft:total_world_time":3394,"minecraft:fall_one_cm":1614,"minecraft:fly_one_cm":3387},"minecraft:mined":{"minecraft:grass":1,"minecraft:grass_block":3,"minecraft:dark_oak_log":1},"minecraft:killed_by":{"minecraft:player":1}},"DataVersion":3465}