{"stats":{"minecraft:killed_by":{"minecraft:zombie":1},"minecraft:crafted":{"minecraft:oak_planks":40},"minecraft:mined":{"minecraft:grass":7,"minecraft:oak_log":10,"minecraft:gravel":2},"minecraft:custom":{"minecraft:time_since_rest":2900,"minecraft:crouch_one_cm":20,"minecraft:damage_absorbed":1036,"minecraft:play_time":13531,"minecraft:sprint_one_cm":16064,"minecraft:deaths":4,"minecraft:damage_taken":1088,"minecraft:walk_one_cm":28525,"minecraft:sneak_time":18,"minecraft:walk_under_water_one_cm":1781,"minecraft:jump":81,"minecraft:damage_dealt":134,"minecraft:leave_game":2,"minecraft:time_since_death":2760,"minecraft:walk_on_water_one_cm":693,"minecraft:total_world_time":13531,"minecraft:swim_one_cm":1641,"minecraft:fall_one_cm":747,"minecraft:fly_one_cm":8336},"minecraft:picked_up":{"minecraft:gravel":2,"minecraft:oak_log":10,"minecraft:oak_sapling":2}},"DataVersion":3465}