{"stats":{"minecraft:killed_by":{"minecraft:player":1},"minecraft:picked_up":{"minecraft:dirt":10},"minecraft:mined":{"minecraft:spruce_log":1,"minecraft:grass_block":9,"minecraft:dirt":7},"minecraft:custom":{"minecraft:jump":8,"minecraft:deaths":1,"minecraft:time_since_rest":540,"minecraft:damage_taken":273,"minecraft:damage_dealt":75,"minecraft:leave_game":7,"minecraft:sprint_one_cm":63,"minecraft:play_time":18046,"minecraft:walk_one_cm":8478,"minecraft:time_since_death":401,"minecraft:damage_absorbed":51,"minecraft:total_world_time":18046,"minecraft:fall_one_cm":420,"minecraft:fly_one_cm":27}},"DataVersion":3465}