{"stats":{"minecraft:killed_by":{"minecraft:zombie":1},"minecraft:mined":{"minecraft:grass":7,"minecraft:oak_log":10,"minecraft:gravel":3},"minecraft:crafted":{"minecraft:oak_planks":40},"minecraft:custom":{"minecraft:time_since_rest":6614,"minecraft:damage_taken":1123,"minecraft:crouch_one_cm":20,"minecraft:damage_absorbed":1036,"minecraft:play_time":20145,"minecraft:sprint_one_cm":16064,"minecraft:deaths":5,"minecraft:walk_one_cm":31014,"minecraft:sneak_time":18,"minecraft:walk_under_water_one_cm":1781,"minecraft:jump":85,"minecraft:damage_dealt":145,"minecraft:leave_game":5,"minecraft:walk_on_water_one_cm":693,"minecraft:time_since_death":5973,"minecraft:total_world_time":20145,"minecraft:swim_one_cm":1641,"minecraft:fall_one_cm":747,"minecraft:fly_one_cm":8336},"minecraft:picked_up":{"minecraft:gravel":3,"minecraft:oak_log":10,"minecraft:oak_sapling":2}},"DataVersion":3465}