{"stats":{"minecraft:mined":{"minecraft:gravel":2},"minecraft:custom":{"minecraft:jump":13,"minecraft:time_since_rest":3961,"minecraft:leave_game":1,"minecraft:sprint_one_cm":964,"minecraft:crouch_one_cm":20,"minecraft:deaths":1,"minecraft:damage_taken":404,"minecraft:play_time":4995,"minecraft:damage_absorbed":95,"minecraft:time_since_death":3767,"minecraft:walk_one_cm":5127,"minecraft:sneak_time":11,"minecraft:total_world_time":4995,"minecraft:fly_one_cm":1170},"minecraft:picked_up":{"minecraft:gravel":2}},"DataVersion":3465}