{"stats":{"minecraft:killed":{"minecraft:pig":1,"minecraft:sheep":4,"minecraft:zombie":2,"minecraft:chicken":4,"minecraft:cow":7},"minecraft:dropped":{"minecraft:iron_ingot":14,"minecraft:sugar_cane":8,"minecraft:birch_planks":21,"minecraft:rotten_flesh":1,"soulsweapons:sting":1,"minecraft:gray_wool":1,"minecraft:white_wool":3},"minecraft:killed_by":{"minecraft:player":1,"minecraft:spider":2,"minecraft:zombie":6,"minecraft:drowned":1},"minecraft:broken":{"minecraft:shield":1,"minecraft:stone_pickaxe":1},"minecraft:crafted":{"minecraft:cooked_beef":5,"minecraft:wooden_sword":1,"minecraft:cooked_porkchop":3,"minecraft:crafting_table":1,"minecraft:spruce_planks":228,"minecraft:wooden_pickaxe":1,"minecraft:iron_helmet":1,"minecraft:cooked_chicken":4,"minecraft:birch_planks":40,"minecraft:stone_axe":1,"minecraft:cooked_mutton":8,"minecraft:iron_boots":1,"minecraft:shield":1,"minecraft:stick":20,"minecraft:stone_pickaxe":2,"minecraft:stone_sword":1,"minecraft:spruce_boat":2,"minecraft:torch":14},"minecraft:mined":{"minecraft:yellow_terracotta":18,"minecraft:brown_mushroom":1,"minecraft:blackstone":39,"minecraft:mossy_cobblestone":2,"minecraft:red_sand":8,"minecraft:grass_block":1,"minecraft:calcite":79,"minecraft:cobblestone":2,"minecraft:sugar_cane":14,"minecraft:wall_torch":1,"minecraft:magma_block":1,"minecraft:coarse_dirt":3,"minecraft:birch_log":10,"minecraft:ice":1,"minecraft:spruce_log":57,"minecraft:grass":1,"minecraft:coal_ore":12,"minecraft:gravel":2,"minecraft:smooth_basalt":20,"minecraft:stone":24},"minecraft:custom":{"minecraft:interact_with_furnace":34,"minecraft:mob_kills":18,"minecraft:interact_with_crafting_table":14,"minecraft:open_barrel":3,"minecraft:leave_game":5,"minecraft:time_since_death":26699,"minecraft:sleep_in_bed":6,"minecraft:time_since_rest":25794,"minecraft:walk_one_cm":279405,"minecraft:sprint_one_cm":199560,"minecraft:damage_taken":6151,"minecraft:damage_absorbed":3373,"minecraft:damage_blocked_by_shield":1915,"minecraft:drop":8,"minecraft:damage_dealt":2248,"minecraft:swim_one_cm":8904,"minecraft:fly_one_cm":465340,"minecraft:open_chest":24,"minecraft:crouch_one_cm":305,"minecraft:play_time":125656,"minecraft:deaths":23,"minecraft:sneak_time":835,"minecraft:walk_under_water_one_cm":38832,"minecraft:boat_one_cm":505368,"minecraft:jump":1275,"minecraft:walk_on_water_one_cm":49175,"minecraft:total_world_time":125656,"minecraft:interact_with_smoker":3,"minecraft:fall_one_cm":20277},"minecraft:used":{"soulsweapons:sting":1,"minecraft:cooked_mutton":7,"minecraft:red_sand":4,"minecraft:stone_sword":45,"minecraft:stone_pickaxe":150,"minecraft:blackstone":35,"minecraft:shield":41,"minecraft:wooden_pickaxe":18,"minecraft:sugar_cane":15,"minecraft:crafting_table":1,"minecraft:spruce_boat":6,"minecraft:diamond_pickaxe":32,"minecraft:stone_axe":11,"minecraft:beef":5,"minecraft:cooked_porkchop":6,"minecraft:egg":1,"minecraft:coarse_dirt":3,"minecraft:calcite":78},"minecraft:picked_up":{"minecraft:birch_log":10,"minecraft:coarse_dirt":3,"minecraft:iron_chestplate":1,"minecraft:feather":4,"minecraft:chicken":4,"minecraft:brown_mushroom":1,"minecraft:oak_log":6,"minecraft:shield":1,"artifacts:flame_pendant":1,"minecraft:dirt":1,"minecraft:iron_leggings":1,"soulsweapons:sting":1,"minecraft:blackstone":35,"minecraft:red_sand":7,"minecraft:beef":12,"fleshz:hide":7,"minecraft:calcite":78,"minecraft:sugar_cane":23,"minecraft:oak_planks":2,"minecraft:egg":1,"minecraft:smooth_basalt":20,"minecraft:stick":19,"minecraft:sheep_spawn_egg":1,"minecraft:cooked_porkchop":6,"minecraft:gravel":4,"minecraft:porkchop":3,"magistuarmory:rustednorman_helmet":1,"minecraft:spruce_sapling":36,"minecraft:white_bed":1,"minecraft:spruce_log":57,"magistuarmory:rustedchainmail_leggings":1,"minecraft:mossy_cobblestone":1,"scout:tanned_leather":2,"minecraft:rotten_flesh":3,"minecraft:spruce_boat":5,"minecraft:yellow_terracotta":18,"minecraft:gray_wool":1,"minecraft:mutton":8,"minecraft:coal":10,"minecraft:magma_block":1,"minecraft:white_wool":3,"minecraft:cobblestone":25,"minecraft:diamond_pickaxe":1}},"DataVersion":3465}