{"stats":{"minecraft:killed":{"minecraft:pig":1,"minecraft:sheep":4,"minecraft:zombie":1,"minecraft:chicken":4,"minecraft:cow":6},"minecraft:dropped":{"minecraft:birch_planks":21,"soulsweapons:sting":1,"minecraft:gray_wool":1,"minecraft:white_wool":3},"minecraft:killed_by":{"minecraft:player":1,"minecraft:spider":2,"minecraft:zombie":4,"minecraft:drowned":1},"minecraft:broken":{"minecraft:shield":1},"minecraft:mined":{"minecraft:brown_mushroom":1,"minecraft:grass_block":1,"minecraft:wall_torch":1,"minecraft:coarse_dirt":3,"minecraft:birch_log":10,"minecraft:spruce_log":57,"minecraft:grass":1,"minecraft:coal_ore":12,"minecraft:stone":24},"minecraft:crafted":{"minecraft:cooked_beef":5,"minecraft:wooden_sword":1,"minecraft:cooked_porkchop":3,"minecraft:crafting_table":1,"minecraft:spruce_planks":228,"minecraft:wooden_pickaxe":1,"minecraft:cooked_chicken":4,"minecraft:birch_planks":40,"minecraft:stone_axe":1,"minecraft:cooked_mutton":8,"minecraft:stick":20,"minecraft:stone_pickaxe":2,"minecraft:stone_sword":1,"minecraft:torch":14},"minecraft:custom":{"minecraft:interact_with_furnace":29,"minecraft:mob_kills":16,"minecraft:interact_with_crafting_table":5,"minecraft:leave_game":2,"minecraft:time_since_death":3252,"minecraft:sleep_in_bed":2,"minecraft:time_since_rest":3410,"minecraft:damage_blocked_by_shield":850,"minecraft:walk_one_cm":134057,"minecraft:sprint_one_cm":131863,"minecraft:damage_taken":3439,"minecraft:damage_absorbed":1184,"minecraft:drop":5,"minecraft:damage_dealt":1780,"minecraft:swim_one_cm":8904,"minecraft:fly_one_cm":125542,"minecraft:open_chest":8,"minecraft:crouch_one_cm":130,"minecraft:play_time":51175,"minecraft:deaths":14,"minecraft:sneak_time":146,"minecraft:walk_under_water_one_cm":15317,"minecraft:jump":753,"minecraft:walk_on_water_one_cm":30223,"minecraft:total_world_time":51175,"minecraft:fall_one_cm":14768},"minecraft:used":{"soulsweapons:sting":1,"minecraft:cooked_mutton":1,"minecraft:stone_sword":34,"minecraft:stone_pickaxe":19,"minecraft:wooden_pickaxe":18,"minecraft:shield":32,"minecraft:crafting_table":1,"minecraft:stone_axe":11,"minecraft:beef":5,"minecraft:cooked_porkchop":2,"minecraft:egg":1},"minecraft:picked_up":{"minecraft:birch_log":10,"minecraft:iron_chestplate":1,"minecraft:coarse_dirt":3,"minecraft:feather":4,"minecraft:chicken":4,"minecraft:brown_mushroom":1,"minecraft:oak_log":6,"minecraft:shield":1,"minecraft:dirt":1,"minecraft:iron_leggings":1,"soulsweapons:sting":1,"minecraft:beef":10,"fleshz:hide":5,"minecraft:egg":1,"minecraft:stick":19,"minecraft:sheep_spawn_egg":1,"minecraft:cooked_porkchop":6,"minecraft:porkchop":3,"minecraft:spruce_sapling":36,"minecraft:white_bed":1,"minecraft:spruce_log":57,"minecraft:rotten_flesh":1,"minecraft:gray_wool":1,"minecraft:mutton":8,"minecraft:coal":10,"minecraft:white_wool":3,"minecraft:cobblestone":24,"minecraft:diamond_pickaxe":1}},"DataVersion":3465}