{"stats":{"minecraft:dropped":{"minecraft:gray_wool":1,"minecraft:birch_planks":21,"minecraft:white_wool":3},"minecraft:killed":{"minecraft:sheep":4,"minecraft:pig":1,"minecraft:chicken":4,"minecraft:cow":6},"minecraft:killed_by":{"minecraft:player":1,"minecraft:drowned":1,"minecraft:spider":2,"minecraft:zombie":3},"minecraft:crafted":{"minecraft:wooden_sword":1,"minecraft:cooked_porkchop":3,"minecraft:crafting_table":1,"minecraft:stick":20,"minecraft:wooden_pickaxe":1,"minecraft:cooked_chicken":4,"minecraft:stone_pickaxe":2,"minecraft:stone_sword":1,"minecraft:torch":14,"minecraft:birch_planks":40,"minecraft:stone_axe":1,"minecraft:cooked_mutton":8,"minecraft:cooked_beef":5},"minecraft:mined":{"minecraft:coarse_dirt":3,"minecraft:brown_mushroom":1,"minecraft:birch_log":10,"minecraft:spruce_log":57,"minecraft:grass":1,"minecraft:grass_block":1,"minecraft:coal_ore":12,"minecraft:stone":24},"minecraft:custom":{"minecraft:interact_with_furnace":22,"minecraft:time_since_rest":5830,"minecraft:damage_absorbed":474,"minecraft:sprint_one_cm":112287,"minecraft:damage_taken":2460,"minecraft:walk_one_cm":93502,"minecraft:mob_kills":15,"minecraft:drop":4,"minecraft:damage_dealt":1344,"minecraft:swim_one_cm":8904,"minecraft:interact_with_crafting_table":4,"minecraft:fly_one_cm":112252,"minecraft:crouch_one_cm":130,"minecraft:play_time":35475,"minecraft:deaths":10,"minecraft:sneak_time":146,"minecraft:walk_under_water_one_cm":11838,"minecraft:jump":603,"minecraft:leave_game":1,"minecraft:sleep_in_bed":1,"minecraft:time_since_death":11771,"minecraft:walk_on_water_one_cm":25083,"minecraft:total_world_time":35475,"minecraft:fall_one_cm":13723},"minecraft:used":{"minecraft:stone_sword":20,"minecraft:stone_pickaxe":19,"minecraft:wooden_pickaxe":18,"minecraft:stone_axe":10,"minecraft:beef":5,"minecraft:crafting_table":1,"minecraft:cooked_porkchop":2,"minecraft:egg":1},"minecraft:picked_up":{"minecraft:birch_log":10,"minecraft:coarse_dirt":3,"minecraft:stick":19,"minecraft:sheep_spawn_egg":1,"minecraft:feather":4,"minecraft:chicken":4,"minecraft:cooked_porkchop":6,"minecraft:brown_mushroom":1,"minecraft:porkchop":3,"minecraft:oak_log":6,"minecraft:spruce_sapling":36,"minecraft:white_bed":1,"minecraft:spruce_log":57,"minecraft:dirt":1,"minecraft:beef":10,"minecraft:gray_wool":1,"fleshz:hide":5,"minecraft:mutton":8,"minecraft:coal":10,"minecraft:white_wool":3,"minecraft:cobblestone":24,"minecraft:egg":1}},"DataVersion":3465}