{"stats":{"minecraft:killed_by":{"minecraft:player":1,"minecraft:spider":1},"minecraft:mined":{"minecraft:birch_log":10},"minecraft:custom":{"minecraft:jump":169,"minecraft:time_since_rest":340,"minecraft:deaths":2,"minecraft:damage_dealt":96,"minecraft:crouch_one_cm":130,"minecraft:damage_absorbed":50,"minecraft:sprint_one_cm":20245,"minecraft:play_time":6132,"minecraft:damage_taken":464,"minecraft:time_since_death":207,"minecraft:walk_one_cm":21914,"minecraft:total_world_time":6132,"minecraft:walk_under_water_one_cm":508,"minecraft:fall_one_cm":3617,"minecraft:fly_one_cm":37206,"minecraft:walk_on_water_one_cm":1161},"minecraft:picked_up":{"minecraft:stick":1,"minecraft:egg":1,"minecraft:birch_log":10}},"DataVersion":3465}