{"stats":{"minecraft:killed_by":{"minecraft:player":1},"minecraft:picked_up":{"minecraft:brown_mushroom":1,"minecraft:dirt":2},"minecraft:mined":{"minecraft:large_fern":1,"minecraft:spruce_leaves":7,"minecraft:spruce_log":7,"minecraft:spruce_planks":1,"minecraft:brown_mushroom":1,"minecraft:grass_block":3},"minecraft:custom":{"minecraft:jump":23,"minecraft:time_since_rest":823,"minecraft:damage_taken":820,"minecraft:walk_one_cm":12039,"minecraft:leave_game":3,"minecraft:damage_dealt":88,"minecraft:sprint_one_cm":9138,"minecraft:time_since_death":124,"minecraft:play_time":13128,"minecraft:deaths":3,"minecraft:damage_absorbed":2461,"minecraft:sneak_time":25,"minecraft:total_world_time":13128,"minecraft:fall_one_cm":989,"minecraft:fly_one_cm":3822}},"DataVersion":3465}