{"stats":{"minecraft:killed":{"minecraft:chicken":1,"minecraft:cow":2},"minecraft:killed_by":{"minecraft:player":1,"minecraft:drowned":1,"minecraft:spider":2,"minecraft:zombie":3},"minecraft:mined":{"minecraft:birch_log":10,"minecraft:grass":1,"minecraft:stone":18},"minecraft:crafted":{"minecraft:wooden_sword":1,"minecraft:crafting_table":1,"minecraft:stick":20,"minecraft:wooden_pickaxe":1,"minecraft:stone_pickaxe":2,"minecraft:stone_sword":1,"minecraft:birch_planks":40,"minecraft:stone_axe":1},"minecraft:custom":{"minecraft:time_since_rest":2126,"minecraft:damage_absorbed":400,"minecraft:sprint_one_cm":42590,"minecraft:damage_taken":2079,"minecraft:walk_one_cm":47973,"minecraft:mob_kills":3,"minecraft:damage_dealt":477,"minecraft:interact_with_crafting_table":2,"minecraft:fly_one_cm":54804,"minecraft:crouch_one_cm":130,"minecraft:play_time":18132,"minecraft:deaths":9,"minecraft:sneak_time":142,"minecraft:walk_under_water_one_cm":7515,"minecraft:jump":300,"minecraft:time_since_death":1967,"minecraft:walk_on_water_one_cm":21400,"minecraft:total_world_time":18132,"minecraft:fall_one_cm":6575},"minecraft:used":{"minecraft:stone_sword":7,"minecraft:stone_pickaxe":1,"minecraft:wooden_pickaxe":18,"minecraft:crafting_table":1,"minecraft:egg":1},"minecraft:picked_up":{"minecraft:birch_log":10,"minecraft:stick":1,"minecraft:feather":2,"minecraft:chicken":1,"minecraft:oak_log":6,"minecraft:beef":4,"fleshz:hide":2,"minecraft:cobblestone":18,"minecraft:egg":1}},"DataVersion":3465}