{"stats":{"minecraft:used":{"minecraft:dirt":3},"minecraft:killed_by":{"minecraft:player":1},"minecraft:picked_up":{"minecraft:brown_mushroom":1,"minecraft:dirt":7},"minecraft:mined":{"minecraft:large_fern":1,"minecraft:grass_block":5,"minecraft:spruce_planks":1,"minecraft:brown_mushroom":1,"minecraft:dirt":3,"minecraft:spruce_leaves":7,"minecraft:spruce_log":7},"minecraft:custom":{"minecraft:time_since_rest":237,"minecraft:damage_taken":1200,"minecraft:play_time":20159,"minecraft:sprint_one_cm":24638,"minecraft:damage_absorbed":2625,"minecraft:deaths":6,"minecraft:walk_one_cm":23668,"minecraft:sneak_time":25,"minecraft:jump":78,"minecraft:damage_dealt":157,"minecraft:leave_game":4,"minecraft:time_since_death":0,"minecraft:total_world_time":20159,"minecraft:fall_one_cm":2990,"minecraft:fly_one_cm":15849}},"DataVersion":3465}